CoC_Number,CoC_Name,CoC_Category,Overall_Homeless,Sheltered_ES_Homeless,Sheltered_TH_Homeless,Sheltered_SH_Homeless,Sheltered_Total_Homeless,Unsheltered_Homeless,Homeless_Individuals,Sheltered_ES_Homeless_Individuals,Sheltered_TH_Homeless_Individuals,Sheltered_SH_Homeless_Individuals,Sheltered_Total_Homeless_Individuals,Unsheltered_Homeless_Individuals,Homeless_People_in_Families,Sheltered_ES_Homeless_People_in_Families,Sheltered_TH_Homeless_People_in_Families,Sheltered_Total_Homeless_People_in_Families,Unsheltered_Homeless_People_in_Families,Homeless_Family_Households,Sheltered_ES_Homeless_Family_Households,Sheltered_TH_Homeless_Family_Households,Sheltered_Total_Homeless_Family_Households,Unsheltered_Homeless_Family_Households,Chronically_Homeless,Sheltered_ES_Chronically_Homeless,Sheltered_SH_Chronically_Homeless,Sheltered_Total_Chronically_Homeless,Unsheltered_Chronically_Homeless,Chronically_Homeless_Individuals,Sheltered_ES_Chronically_Homeless_Individuals,Sheltered_SH_Chronically_Homeless_Individuals,Sheltered_Total_Chronically_Homeless_Individuals,Unsheltered_Chronically_Homeless_Individuals,Chronically_Homeless_People_in_Families,Sheltered_ES_Chronically_Homeless_People_in_Families,Sheltered_Total_Chronically_Homeless_People_in_Families,Unsheltered_Chronically_Homeless_People_in_Families,Homeless_Veterans,Sheltered_ES_Homeless_Veterans,Sheltered_TH_Homeless_Veterans,Sheltered_SH_Homeless_Veterans,Sheltered_Total_Homeless_Veterans,Unsheltered_Homeless_Veterans,Count_Year
AK-500,Anchorage CoC,,1023,665,305,0,970,53,736,530,158,0,688,48,287,135,147,282,5,102,52,48,100,2,101,59,0,59,42,94,56,0,56,38,7,3,3,4,138,92,28,0,120,18,2014
AK-500,Anchorage CoC,,1122,676,394,0,1070,52,844,553,239,0,792,52,278,123,155,278,0,87,38,49,87,0,89,68,0,68,21,83,62,0,62,21,6,6,6,0,144,,,,138,6,2013
AK-500,Anchorage CoC,,1147,704,393,0,1097,50,791,561,195,0,756,35,356,143,198,341,15,126,41,81,122,4,114,109,0,109,5,113,108,0,108,5,1,1,1,0,174,,,,167,7,2012
AK-501,Alaska Balance of State CoC,,761,474,195,0,669,92,473,318,103,0,421,52,288,156,92,248,40,91,56,23,79,12,105,78,0,78,27,88,63,0,63,25,17,15,15,2,40,27,13,0,40,0,2014
AK-501,Alaska Balance of State CoC,,824,461,210,0,671,153,518,282,134,0,416,102,306,179,76,255,51,109,67,28,95,14,95,70,0,70,25,83,62,0,62,21,12,8,8,4,66,,,,50,16,2013
AK-501,Alaska Balance of State CoC,,766,435,184,0,619,147,507,288,113,0,401,106,259,147,71,218,41,90,51,21,72,18,165,154,0,154,11,160,149,0,149,11,5,5,5,0,82,,,,60,22,2012
AL-500,"Birmingham/Jefferson, St. Clair, Shelby Counties CoC",,1329,387,497,31,915,414,915,316,225,31,572,343,414,71,272,343,71,139,26,85,111,28,331,70,26,96,235,313,68,26,94,219,18,2,2,16,174,94,60,0,154,20,2014
AL-500,"Birmingham/Jefferson, St. Clair, Shelby Counties CoC",,1469,373,556,31,960,509,1089,294,352,31,677,412,380,79,204,283,97,131,25,63,88,43,427,126,30,156,271,411,115,30,145,266,16,11,11,5,194,,,,155,39,2013
AL-500,"Birmingham/Jefferson, St. Clair, Shelby Counties CoC",,1707,347,630,32,1009,698,1222,277,364,32,673,549,485,70,266,336,149,191,28,92,120,71,495,108,32,140,355,484,105,32,137,347,11,3,3,8,175,,,,117,58,2012
AL-501,Mobile City & County/Baldwin County CoC,,598,287,174,0,461,137,397,173,99,0,272,125,201,114,75,189,12,64,35,25,60,4,75,39,0,39,36,68,32,0,32,36,7,7,7,0,61,23,15,0,38,23,2014
AL-501,Mobile City & County/Baldwin County CoC,,493,153,107,0,260,233,343,99,23,0,122,221,150,54,84,138,12,51,18,28,46,5,91,10,0,10,81,89,8,0,8,81,2,2,2,0,41,,,,5,36,2013
AL-501,Mobile City & County/Baldwin County CoC,,634,212,112,0,324,310,422,130,25,0,155,267,212,82,87,169,43,62,23,29,52,10,75,17,0,17,58,75,17,0,17,58,0,0,0,0,52,,,,12,40,2012
AL-502,Florence/Northwest Alabama CoC,,209,38,151,0,189,20,132,26,93,0,119,13,77,12,58,70,7,23,3,19,22,1,13,3,0,3,10,13,3,0,3,10,0,0,0,0,7,3,2,0,5,2,2014
AL-502,Florence/Northwest Alabama CoC,,223,22,175,0,197,26,133,11,105,0,116,17,90,11,70,81,9,24,3,19,22,2,30,10,0,10,20,14,5,0,5,9,16,5,5,11,2,,,,0,2,2013
AL-502,Florence/Northwest Alabama CoC,,192,18,170,0,188,4,162,7,151,0,158,4,30,11,19,30,0,10,3,7,10,0,3,3,0,3,0,3,3,0,3,0,0,0,0,0,7,,,,7,0,2012
AL-503,Huntsville/North Alabama CoC,,536,413,86,0,499,37,386,336,13,0,349,37,150,77,73,150,0,45,21,24,45,0,107,84,0,84,23,98,75,0,75,23,9,9,9,0,64,54,4,0,58,6,2014
AL-503,Huntsville/North Alabama CoC,,586,320,89,0,409,177,457,262,33,0,295,162,129,58,56,114,15,41,20,17,37,4,120,46,0,46,74,114,44,0,44,70,6,2,2,4,77,,,,33,44,2013
AL-503,Huntsville/North Alabama CoC,,607,336,96,0,432,175,448,277,33,0,310,138,159,59,63,122,37,57,23,21,44,13,185,105,0,105,80,176,96,0,96,80,9,9,9,0,42,,,,32,10,2012
AL-504,Montgomery City & County CoC,,490,120,289,0,409,81,365,95,200,0,295,70,125,25,89,114,11,44,8,33,41,3,37,12,0,12,25,35,10,0,10,25,2,2,2,0,39,10,15,0,25,14,2014
AL-504,Montgomery City & County CoC,,515,159,240,0,399,116,446,136,194,0,330,116,69,23,46,69,0,21,6,15,21,0,69,11,0,11,58,69,11,0,11,58,0,0,0,0,59,,,,44,15,2013
AL-504,Montgomery City & County CoC,,487,96,247,0,343,144,383,84,164,0,248,135,104,12,83,95,9,33,4,26,30,3,82,15,0,15,67,76,15,0,15,61,6,0,0,6,67,,,,40,27,2012
AL-505,Gadsden/Northeast Alabama CoC,,438,354,14,0,368,70,359,308,7,0,315,44,79,46,7,53,26,38,23,2,25,13,36,16,0,16,20,26,16,0,16,10,10,0,0,10,34,29,0,0,29,5,2014
AL-505,Gadsden/Northeast Alabama CoC,,399,159,170,0,329,70,275,66,165,0,231,44,124,93,5,98,26,61,46,2,48,13,40,20,0,20,20,20,10,0,10,10,20,10,10,10,31,,,,26,5,2013
AL-505,Gadsden/Northeast Alabama CoC,,544,211,213,0,424,120,451,177,205,0,382,69,93,34,8,42,51,30,13,2,15,15,44,16,0,16,28,17,8,0,8,9,27,8,8,19,13,,,,12,1,2012
AL-506,Tuscaloosa City & County CoC,,245,11,122,0,133,112,167,5,98,0,103,64,78,6,24,30,48,20,2,6,8,12,80,2,0,2,78,43,2,0,2,41,37,0,0,37,90,1,74,0,75,15,2014
AL-506,Tuscaloosa City & County CoC,,99,11,84,0,95,4,72,9,59,0,68,4,27,2,25,27,0,6,1,5,6,0,9,5,0,5,4,9,5,0,5,4,0,0,0,0,66,,,,66,0,2013
AL-506,Tuscaloosa City & County CoC,,152,12,116,0,128,24,99,12,63,0,75,24,53,0,53,53,0,21,0,21,21,0,39,31,0,31,8,35,31,0,31,4,4,0,0,4,114,,,,114,0,2012
AL-507,Alabama Balance of State CoC,,716,241,303,0,544,172,394,160,188,0,348,46,322,81,115,196,126,84,23,22,45,39,50,31,0,31,19,22,13,0,13,9,28,18,18,10,73,37,29,0,66,7,2014
AL-507,Alabama Balance of State CoC,,905,358,239,0,597,308,572,174,199,0,373,199,333,184,40,224,109,160,87,20,107,53,72,37,0,37,35,42,21,0,21,21,30,16,16,14,41,,,,34,7,2013
AL-507,Alabama Balance of State CoC,,886,431,385,0,816,70,638,194,378,0,572,66,248,237,7,244,4,93,88,3,91,2,46,26,0,26,20,44,24,0,24,20,2,2,2,0,56,,,,43,13,2012
AR-500,Little Rock/Central Arkansas CoC,,1074,342,229,0,571,503,951,285,163,0,448,503,123,57,66,123,0,48,24,24,48,0,350,46,0,46,304,348,44,0,44,304,2,2,2,0,197,72,69,0,141,56,2014
AR-500,Little Rock/Central Arkansas CoC,,1066,244,319,0,563,503,986,228,255,0,483,503,80,16,64,80,0,27,5,22,27,0,373,69,0,69,304,364,60,0,60,304,9,9,9,0,260,,,,204,56,2013
AR-500,Little Rock/Central Arkansas CoC,,1249,329,433,0,762,487,1065,285,293,0,578,487,184,44,140,184,0,42,13,29,42,0,123,76,0,76,47,119,72,0,72,47,4,4,4,0,266,,,,156,110,2012
AR-501,Fayetteville/Northwest Arkansas CoC,,551,156,173,0,329,222,388,145,66,0,211,177,163,11,107,118,45,55,5,35,40,15,39,1,0,1,38,38,0,0,0,38,1,1,1,0,98,23,18,0,41,57,2014
AR-501,Fayetteville/Northwest Arkansas CoC,,668,313,133,0,446,222,379,94,108,0,202,177,289,219,25,244,45,98,73,10,83,15,65,27,0,27,38,47,9,0,9,38,18,18,18,0,147,,,,90,57,2013
AR-501,Fayetteville/Northwest Arkansas CoC,,186,54,93,0,147,39,109,34,44,0,78,31,77,20,49,69,8,31,8,20,28,3,60,24,0,24,36,35,17,0,17,18,25,7,7,18,30,,,,24,6,2012
AR-503,Arkansas  Balance of State  CoC,,1056,370,50,0,420,636,762,235,46,0,281,481,294,135,4,139,155,120,65,2,67,53,50,11,0,11,39,50,11,0,11,39,0,0,0,0,35,13,4,0,17,18,2014
AR-503,Arkansas  Balance of State  CoC,,1760,376,94,0,470,1290,1603,266,82,0,348,1255,157,110,12,122,35,51,35,5,40,11,114,53,0,53,61,112,53,0,53,59,2,0,0,2,46,,,,27,19,2013
AR-503,Arkansas  Balance of State  CoC,,1930,399,163,0,562,1368,1788,341,120,0,461,1327,142,58,43,101,41,58,21,20,41,17,171,49,0,49,122,136,43,0,43,93,35,6,6,29,60,,,,23,37,2012
AR-504,Delta Hills CoC,,254,41,81,0,122,132,172,30,81,0,111,61,82,11,0,11,71,33,3,0,3,30,46,18,0,18,28,38,16,0,16,22,8,2,2,6,9,,,,5,4,2013
AR-504,Delta Hills CoC,,785,40,27,0,67,718,423,4,27,0,31,392,362,36,0,36,326,130,18,0,18,112,83,22,0,22,61,71,10,0,10,61,12,12,12,0,6,,,,2,4,2012
AR-505,Southeast Arkansas CoC,,70,58,12,0,70,0,39,35,4,0,39,0,31,23,8,31,0,10,8,2,10,0,0,0,0,0,0,0,0,0,0,0,0,0,0,0,1,1,0,0,1,0,2014
AR-505,Southeast Arkansas CoC,,64,63,0,0,63,1,34,33,0,0,33,1,30,30,0,30,0,9,9,0,9,0,4,4,0,4,0,4,4,0,4,0,0,0,0,0,0,,,,0,0,2013
AR-505,Southeast Arkansas CoC,,64,64,0,0,64,0,43,43,0,0,43,0,21,21,0,21,0,5,5,0,5,0,0,0,0,0,0,0,0,0,0,0,0,0,0,0,0,,,,0,0,2012
AR-508,Fort Smith CoC,,185,95,18,0,113,72,163,75,16,0,91,72,22,20,2,22,0,7,6,1,7,0,80,27,0,27,53,80,27,0,27,53,0,0,0,0,30,8,12,0,20,10,2014
AZ-500,Arizona Balance of State CoC,,2398,1019,330,0,1349,1049,1679,675,131,0,806,873,719,344,199,543,176,233,128,54,182,51,266,105,0,105,161,211,92,0,92,119,55,13,13,42,263,79,59,0,138,125,2014
AZ-500,Arizona Balance of State CoC,,2435,915,471,0,1386,1049,1448,403,172,0,575,873,987,512,299,811,176,281,121,109,230,51,329,168,0,168,161,239,120,0,120,119,90,48,48,42,389,,,,264,125,2013
AZ-500,Arizona Balance of State CoC,,2451,1186,536,0,1722,729,1381,868,217,0,1085,296,1070,318,319,637,433,334,144,88,232,102,545,278,0,278,267,307,86,0,86,221,238,192,192,46,273,,,,160,113,2012
AZ-501,Tucson/Pima County CoC,,2179,714,983,15,1712,467,1475,518,516,15,1049,426,704,196,467,663,41,214,68,138,206,8,290,116,10,126,164,290,116,10,126,164,0,0,0,0,285,65,166,4,235,50,2014
AZ-501,Tucson/Pima County CoC,,2238,801,923,13,1737,501,1602,618,488,13,1119,483,636,183,435,618,18,209,59,142,201,8,360,153,13,166,194,343,140,13,153,190,17,13,13,4,322,,,,249,73,2013
AZ-501,Tucson/Pima County CoC,,2366,762,980,15,1757,609,1508,562,444,15,1021,487,858,200,536,736,122,256,64,159,223,33,395,162,9,171,224,366,151,9,160,206,29,11,11,18,353,,,,242,111,2012
AZ-502,"Phoenix, Mesa/Maricopa County CoC",,5918,2558,2282,25,4865,1053,3040,1396,575,25,1996,1044,2878,1162,1707,2869,9,848,336,510,846,2,403,76,9,85,318,403,76,9,85,318,0,0,0,0,310,100,161,1,262,48,2014
AZ-502,"Phoenix, Mesa/Maricopa County CoC",,5889,2177,2106,25,4308,1581,3460,1437,506,25,1968,1492,2429,740,1600,2340,89,801,246,533,779,22,499,161,25,186,313,482,152,25,177,305,17,9,9,8,511,,,,388,123,2013
AZ-502,"Phoenix, Mesa/Maricopa County CoC",,6485,2343,2368,25,4736,1749,3421,1077,578,25,1680,1741,3064,1266,1790,3056,8,875,361,511,872,3,955,141,25,166,789,932,118,25,143,789,23,23,23,0,852,,,,605,247,2012
CA-500,San Jose/Santa Clara City & County CoC,,7567,819,1065,9,1893,5674,6681,595,459,9,1063,5618,886,224,606,830,56,268,70,181,251,17,2535,271,5,276,2259,2513,258,5,263,2250,22,13,13,9,813,91,143,0,234,579,2014
CA-500,San Jose/Santa Clara City & County CoC,,7631,918,1023,16,1957,5674,6564,623,307,16,946,5618,1067,295,716,1011,56,349,124,208,332,17,2518,252,7,259,2259,2509,252,7,259,2250,9,0,0,9,718,,,,139,579,2013
CA-500,San Jose/Santa Clara City & County CoC,,7053,926,949,9,1884,5169,6270,780,368,9,1157,5113,783,146,581,727,56,262,50,194,244,18,2657,318,9,327,2330,2617,313,9,322,2295,40,5,5,35,667,,,,152,515,2012
CA-501,San Francisco CoC,,6408,1522,517,54,2093,4315,5776,1184,256,54,1494,4282,632,338,261,599,33,244,129,104,233,11,2321,784,27,811,1510,2136,615,27,642,1494,185,169,169,16,720,108,190,0,298,422,2014
CA-501,San Francisco CoC,,7008,1919,720,54,2693,4315,6329,1545,448,54,2047,4282,679,374,272,646,33,229,121,97,218,11,2093,583,0,583,1510,1977,483,0,483,1494,116,100,100,16,716,,,,294,422,2013
CA-501,San Francisco CoC,,5895,1757,742,25,2524,3371,5177,1447,429,25,1901,3276,718,310,313,623,95,268,109,119,228,40,1899,772,17,789,1110,1818,691,17,708,1110,81,81,81,0,774,,,,344,430,2012
CA-502,"Oakland, Berkeley/Alameda County CoC",,4272,895,1040,0,1935,2337,3162,604,439,0,1043,2119,1110,291,601,892,218,348,110,196,306,42,1094,240,0,240,854,959,199,0,199,760,135,41,41,94,538,40,145,0,185,353,2014
CA-502,"Oakland, Berkeley/Alameda County CoC",,4264,914,1013,0,1927,2337,2922,548,255,0,803,2119,1342,366,758,1124,218,462,126,294,420,42,1054,200,0,200,854,931,171,0,171,760,123,29,29,94,492,,,,139,353,2013
CA-502,"Oakland, Berkeley/Alameda County CoC",,4257,866,1179,0,2045,2212,3208,546,590,0,1136,2072,1049,320,589,909,140,332,111,197,308,24,1092,108,0,108,984,1041,99,0,99,942,51,9,9,42,440,,,,95,345,2012
CA-503,Sacramento City & County CoC,,2449,774,889,0,1663,786,1683,437,465,0,902,781,766,337,424,761,5,248,97,150,247,1,422,137,0,137,285,420,135,0,135,285,2,2,2,0,277,55,86,0,141,136,2014
CA-503,Sacramento City & County CoC,,2538,808,944,0,1752,786,1737,435,521,0,956,781,801,373,423,796,5,249,108,140,248,1,440,155,0,155,285,432,147,0,147,285,8,8,8,0,302,,,,166,136,2013
CA-503,Sacramento City & County CoC,,2812,839,1018,0,1857,955,1985,477,558,0,1035,950,827,362,460,822,5,237,90,145,235,2,463,221,0,221,242,454,212,0,212,242,9,9,9,0,329,,,,148,181,2012
CA-504,"Santa Rosa, Petaluma/Sonoma County CoC",,4266,570,387,0,957,3309,3816,393,168,0,561,3255,450,177,219,396,54,119,43,60,103,16,1260,226,0,226,1034,1219,190,0,190,1029,41,36,36,5,421,48,30,0,78,343,2014
CA-504,"Santa Rosa, Petaluma/Sonoma County CoC",,4280,504,467,0,971,3309,3829,374,200,0,574,3255,451,130,267,397,54,152,51,85,136,16,1168,134,0,134,1034,1148,119,0,119,1029,20,15,15,5,400,,,,57,343,2013
CA-504,"Santa Rosa, Petaluma/Sonoma County CoC",,4483,530,587,0,1117,3366,3890,362,202,0,564,3326,593,168,385,553,40,186,49,125,174,12,1032,77,0,77,955,1014,60,0,60,954,18,17,17,1,384,,,,57,327,2012
CA-505,Richmond/Contra Costa County CoC,,2009,423,257,0,680,1329,1660,274,57,0,331,1329,349,149,200,349,0,111,47,64,111,0,775,181,0,181,594,716,143,0,143,573,59,38,38,21,176,27,14,0,41,135,2014
CA-505,Richmond/Contra Costa County CoC,,2000,414,257,0,671,1329,1703,300,74,0,374,1329,297,114,183,297,0,102,41,61,102,0,754,160,0,160,594,714,141,0,141,573,40,19,19,21,188,,,,53,135,2013
CA-505,Richmond/Contra Costa County CoC,,2386,483,413,0,896,1490,1960,315,158,0,473,1487,426,168,255,423,3,137,51,85,136,1,753,220,0,220,533,721,193,0,193,528,32,27,27,5,82,,,,74,8,2012
CA-506,"Salinas/Monterey, San Benito Counties CoC",,2962,287,469,0,756,2206,2286,170,191,0,361,1925,676,117,278,395,281,275,38,111,149,126,1089,229,0,229,860,925,144,0,144,781,164,85,85,79,238,23,54,0,77,161,2014
CA-506,"Salinas/Monterey, San Benito Counties CoC",,2955,355,394,0,749,2206,2292,194,173,0,367,1925,663,161,221,382,281,247,44,77,121,126,1038,178,0,178,860,866,85,0,85,781,172,93,93,79,250,,,,89,161,2013
CA-506,"Salinas/Monterey, San Benito Counties CoC",,2673,267,495,0,762,1911,1761,0,4,0,4,1757,912,267,491,758,154,153,39,83,122,31,822,43,0,43,779,794,43,0,43,751,28,0,0,28,290,,,,46,244,2012
CA-507,Marin County CoC,,679,208,293,0,501,178,460,179,103,0,282,178,219,29,190,219,0,66,9,57,66,0,62,18,0,18,44,62,18,0,18,44,0,0,0,0,52,28,6,0,34,18,2014
CA-507,Marin County CoC,,676,188,317,0,505,171,438,148,119,0,267,171,238,40,198,238,0,78,10,68,78,0,89,26,0,26,63,87,24,0,24,63,2,2,2,0,54,,,,28,26,2013
CA-507,Marin County CoC,,725,201,295,0,496,229,516,157,130,0,287,229,209,44,165,209,0,80,14,66,80,0,163,62,0,62,101,163,62,0,62,101,0,0,0,0,51,,,,26,25,2012
CA-508,Watsonville/Santa Cruz City & County CoC,,3529,361,273,0,634,2895,2996,240,62,0,302,2694,533,121,211,332,201,155,41,53,94,61,981,66,0,66,915,940,57,0,57,883,41,9,9,32,393,45,5,0,50,343,2014
CA-508,Watsonville/Santa Cruz City & County CoC,,3536,402,239,0,641,2895,2992,253,45,0,298,2694,544,149,194,343,201,165,39,65,104,61,989,74,0,74,915,957,74,0,74,883,32,0,0,32,395,,,,52,343,2013
CA-508,Watsonville/Santa Cruz City & County CoC,,2735,370,240,0,610,2125,2345,220,60,0,280,2065,390,150,180,330,60,123,57,51,108,15,990,43,0,43,947,967,36,0,36,931,23,7,7,16,271,,,,26,245,2012
CA-509,Mendocino County CoC,,1404,117,69,0,186,1218,1256,82,36,0,118,1138,148,35,33,68,80,43,13,12,25,18,221,23,0,23,198,167,19,0,19,148,54,4,4,50,46,5,1,0,6,40,2014
CA-509,Mendocino County CoC,,1392,106,68,0,174,1218,1267,91,38,0,129,1138,125,15,30,45,80,34,4,12,16,18,227,29,0,29,198,171,23,0,23,148,56,6,6,50,55,,,,15,40,2013
CA-509,Mendocino County CoC,,1441,97,30,0,127,1314,1347,78,15,0,93,1254,94,19,15,34,60,32,5,7,12,20,319,7,0,7,312,267,7,0,7,260,52,0,0,52,84,,,,10,74,2012
CA-510,"Turlock, Modesto/Stanislaus County CoC",,1156,447,266,0,713,443,824,309,178,0,487,337,332,138,88,226,106,114,44,32,76,38,146,83,0,83,63,123,69,0,69,54,23,14,14,9,69,35,6,0,41,28,2014
CA-510,"Turlock, Modesto/Stanislaus County CoC",,1201,337,219,0,556,645,941,284,175,0,459,482,260,53,44,97,163,74,17,16,33,41,205,65,0,65,140,127,61,0,61,66,78,4,4,74,87,,,,44,43,2013
CA-510,"Turlock, Modesto/Stanislaus County CoC",,1470,322,357,0,679,791,861,157,105,0,262,599,609,165,252,417,192,188,55,84,139,49,306,166,0,166,140,288,166,0,166,122,18,0,0,18,49,,,,19,30,2012
CA-511,Stockton/San Joaquin County CoC,,1588,744,581,0,1325,263,713,397,78,0,475,238,875,347,503,850,25,258,109,141,250,8,116,49,0,49,67,107,43,0,43,64,9,6,6,3,87,33,32,0,65,22,2014
CA-511,Stockton/San Joaquin County CoC,,1541,760,518,0,1278,263,794,480,76,0,556,238,747,280,442,722,25,230,93,129,222,8,204,137,0,137,67,178,114,0,114,64,26,23,23,3,83,,,,61,22,2013
CA-511,Stockton/San Joaquin County CoC,,1569,819,503,0,1322,247,739,470,47,0,517,222,830,349,456,805,25,254,106,141,247,7,236,125,0,125,111,202,108,0,108,94,34,17,17,17,80,,,,60,20,2012
CA-512,Daly/San Mateo County CoC,,2024,271,454,0,725,1299,1363,170,138,0,308,1055,661,101,316,417,244,192,32,95,127,65,897,40,0,40,857,721,35,0,35,686,176,5,5,171,225,86,8,0,94,131,2014
CA-512,Daly/San Mateo County CoC,,1995,240,456,0,696,1299,1374,177,142,0,319,1055,621,63,314,377,244,180,22,93,115,65,889,32,0,32,857,715,29,0,29,686,174,3,3,171,245,,,,114,131,2013
CA-512,Daly/San Mateo County CoC,,1845,156,527,0,683,1162,1274,91,154,0,245,1029,571,65,373,438,133,160,21,102,123,37,496,20,0,20,476,496,20,0,20,476,0,0,0,0,173,,,,26,147,2012
CA-513,"Visalia/Kings, Tulare Counties CoC",,763,161,225,0,386,377,609,90,167,0,257,352,154,71,58,129,25,51,23,19,42,9,235,28,0,28,207,208,23,0,23,185,27,5,5,22,36,2,7,0,9,27,2014
CA-513,"Visalia/Kings, Tulare Counties CoC",,705,182,227,0,409,296,547,117,142,0,259,288,158,65,85,150,8,47,21,24,45,2,187,11,0,11,176,143,11,0,11,132,44,0,0,44,43,,,,14,29,2013
CA-513,"Visalia/Kings, Tulare Counties CoC",,771,147,269,0,416,355,566,76,170,0,246,320,205,71,99,170,35,62,24,28,52,10,201,21,0,21,180,178,20,0,20,158,23,1,1,22,40,,,,8,32,2012
CA-514,Fresno City & County/Madera County CoC,,2592,297,389,23,709,1883,2203,160,147,23,330,1873,389,137,242,379,10,119,42,72,114,5,497,9,13,22,475,497,9,13,22,475,0,0,0,0,272,50,35,0,85,187,2014
CA-514,Fresno City & County/Madera County CoC,,3131,184,388,22,594,2537,2421,117,147,22,286,2135,710,67,241,308,402,302,24,77,101,201,793,34,10,44,749,363,32,10,42,321,430,2,2,428,338,,,,81,257,2013
CA-514,Fresno City & County/Madera County CoC,,4492,141,506,23,670,3822,3554,59,248,23,330,3224,938,82,258,340,598,366,24,89,113,253,824,18,19,37,787,651,18,19,37,614,173,0,0,173,606,,,,64,542,2012
CA-515,"Roseville, Rocklin/Placer, Nevada Counties CoC",,762,166,73,0,239,523,619,113,28,0,141,478,143,53,45,98,45,48,15,17,32,16,240,57,0,57,183,211,44,0,44,167,29,13,13,16,73,12,1,0,13,60,2014
CA-515,"Roseville, Rocklin/Placer, Nevada Counties CoC",,908,196,189,0,385,523,689,130,81,0,211,478,219,66,108,174,45,77,20,41,61,16,222,39,0,39,183,202,35,0,35,167,20,4,4,16,92,,,,32,60,2013
CA-515,"Roseville, Rocklin/Placer, Nevada Counties CoC",,742,172,215,0,387,355,508,91,100,0,191,317,234,81,115,196,38,75,24,38,62,13,168,46,0,46,122,107,31,0,31,76,61,15,15,46,59,,,,22,37,2012
CA-516,"Redding/Shasta, Siskiyou, Lassen, Plumas, Del Norte, Modoc, Sierra Counties CoC",,630,201,347,0,548,82,461,143,241,0,384,77,169,58,106,164,5,63,20,41,61,2,125,67,0,67,58,89,36,0,36,53,36,31,31,5,62,25,35,0,60,2,2014
CA-516,"Redding/Shasta, Siskiyou, Lassen, Plumas, Del Norte, Modoc, Sierra Counties CoC",,851,260,244,0,504,347,631,178,183,0,361,270,220,82,61,143,77,60,16,28,44,16,199,87,0,87,112,125,54,0,54,71,74,33,33,41,203,,,,117,86,2013
CA-516,"Redding/Shasta, Siskiyou, Lassen, Plumas, Del Norte, Modoc, Sierra Counties CoC",,524,250,92,0,342,182,384,161,71,0,232,152,140,89,21,110,30,49,26,8,34,15,180,92,0,92,88,79,40,0,40,39,101,52,52,49,67,,,,38,29,2012
CA-517,Napa City & County CoC,,285,135,59,0,194,91,205,102,12,0,114,91,80,33,47,80,0,29,11,18,29,0,73,31,0,31,42,73,31,0,31,42,0,0,0,0,23,9,0,0,9,14,2014
CA-517,Napa City & County CoC,,245,119,58,0,177,68,168,84,16,0,100,68,77,35,42,77,0,26,11,15,26,0,81,46,0,46,35,64,37,0,37,27,17,9,9,8,19,,,,9,10,2013
CA-517,Napa City & County CoC,,248,109,47,0,156,92,184,87,14,0,101,83,64,22,33,55,9,26,9,13,22,4,85,51,0,51,34,84,50,0,50,34,1,1,1,0,14,,,,5,9,2012
CA-518,Vallejo/Solano County CoC,,1295,178,228,0,406,889,1085,103,145,0,248,837,210,75,83,158,52,65,20,24,44,21,350,45,0,45,305,226,37,0,37,189,124,8,8,116,80,9,38,0,47,33,2014
CA-518,Vallejo/Solano County CoC,,1329,193,247,0,440,889,1163,139,187,0,326,837,166,54,60,114,52,70,21,28,49,21,414,109,0,109,305,291,102,0,102,189,123,7,7,116,88,,,,55,33,2013
CA-518,Vallejo/Solano County CoC,,622,154,233,0,387,235,383,58,139,0,197,186,239,96,94,190,49,93,30,42,72,21,64,64,0,64,0,50,50,0,50,0,14,14,14,0,28,,,,14,14,2012
CA-519,"Chico, Paradise/Butte County CoC",,696,171,102,0,273,423,586,139,34,0,173,413,110,32,68,100,10,35,10,21,31,4,313,49,0,49,264,307,43,0,43,264,6,6,6,0,95,27,13,0,40,55,2014
CA-519,"Chico, Paradise/Butte County CoC",,712,179,110,0,289,423,599,150,36,0,186,413,113,29,74,103,10,34,9,21,30,4,312,48,0,48,264,312,48,0,48,264,0,0,0,0,101,,,,46,55,2013
CA-519,"Chico, Paradise/Butte County CoC",,897,195,162,0,357,540,760,161,86,0,247,513,137,34,76,110,27,46,12,24,36,10,268,31,0,31,237,263,27,0,27,236,5,4,4,1,102,,,,32,70,2012
CA-520,Merced City & County CoC,,768,91,68,0,159,609,735,68,62,0,130,605,33,23,6,29,4,12,8,3,11,1,364,13,0,13,351,364,13,0,13,351,0,0,0,0,84,10,1,0,11,73,2014
CA-520,Merced City & County CoC,,372,86,31,0,117,255,345,69,21,0,90,255,27,17,10,27,0,11,7,4,11,0,181,59,0,59,122,181,59,0,59,122,0,0,0,0,26,,,,6,20,2013
CA-520,Merced City & County CoC,,502,89,75,0,164,338,479,83,58,0,141,338,23,6,17,23,0,7,2,5,7,0,315,109,0,109,206,312,106,0,106,206,3,3,3,0,52,,,,8,44,2012
CA-521,"Davis, Woodland/Yolo County CoC",,442,111,133,0,244,198,317,70,49,0,119,198,125,41,84,125,0,38,13,25,38,0,131,34,0,34,97,126,29,0,29,97,5,5,5,0,31,8,3,0,11,20,2014
CA-521,"Davis, Woodland/Yolo County CoC",,474,107,169,0,276,198,345,74,73,0,147,198,129,33,96,129,0,36,9,27,36,0,134,37,0,37,97,134,37,0,37,97,0,0,0,0,44,,,,24,20,2013
CA-521,"Davis, Woodland/Yolo County CoC",,513,104,146,0,250,263,383,82,55,0,137,246,130,22,91,113,17,42,7,30,37,5,198,31,0,31,167,186,31,0,31,155,12,0,0,12,45,,,,9,36,2012
CA-522,Humboldt County CoC,,932,94,154,0,248,684,593,38,52,0,90,503,339,56,102,158,181,78,17,23,40,38,260,10,0,10,250,132,5,0,5,127,128,5,5,123,123,13,30,0,43,80,2014
CA-522,Humboldt County CoC,,864,55,125,0,180,684,600,27,70,0,97,503,264,28,55,83,181,64,9,17,26,38,276,26,0,26,250,138,11,0,11,127,138,15,15,123,129,,,,49,80,2013
CA-522,Humboldt County CoC,,846,260,132,0,392,454,633,173,59,0,232,401,213,87,73,160,53,70,26,25,51,19,256,103,0,103,153,222,87,0,87,135,34,16,16,18,141,,,,62,79,2012
CA-523,"Colusa, Glenn, Trinity Counties CoC",,567,59,84,0,143,424,410,36,38,0,74,336,157,23,46,69,88,49,9,14,23,26,265,47,0,47,218,223,24,0,24,199,42,23,23,19,49,5,2,0,7,42,2014
CA-523,"Colusa, Glenn, Trinity Counties CoC",,696,183,89,0,272,424,487,103,48,0,151,336,209,80,41,121,88,65,25,14,39,26,303,85,0,85,218,252,53,0,53,199,51,32,32,19,67,,,,25,42,2013
CA-523,"Colusa, Glenn, Trinity Counties CoC",,303,80,84,0,164,139,185,45,33,0,78,107,118,35,51,86,32,38,11,16,27,11,109,41,0,41,68,80,19,0,19,61,29,22,22,7,32,,,,21,11,2012
CA-524,Yuba City & County/Sutter County CoC,,726,347,0,0,347,379,348,138,0,0,138,210,378,209,0,209,169,107,35,0,35,72,53,0,0,0,53,36,0,0,0,36,17,0,0,17,75,67,0,0,67,8,2014
CA-524,Yuba City & County/Sutter County CoC,,1485,344,762,0,1106,379,750,142,398,0,540,210,735,202,364,566,169,319,92,155,247,72,104,51,0,51,53,66,30,0,30,36,38,21,21,17,32,,,,24,8,2013
CA-524,Yuba City & County/Sutter County CoC,,492,133,139,0,272,220,311,61,88,0,149,162,181,72,51,123,58,59,21,18,39,20,0,0,0,0,0,0,0,0,0,0,0,0,0,0,23,,,,20,3,2012
CA-525,El Dorado County CoC,,195,66,80,0,146,49,181,64,72,0,136,45,14,2,8,10,4,7,1,4,5,2,73,35,0,35,38,71,35,0,35,36,2,0,0,2,3,2,0,0,2,1,2014
CA-525,El Dorado County CoC,,180,27,104,0,131,49,141,21,75,0,96,45,39,6,29,35,4,17,2,13,15,2,55,17,0,17,38,47,11,0,11,36,8,6,6,2,6,,,,5,1,2013
CA-525,El Dorado County CoC,,217,110,70,0,180,37,155,84,40,0,124,31,62,26,30,56,6,26,10,13,23,3,55,48,0,48,7,39,32,0,32,7,16,16,16,0,10,,,,9,1,2012
CA-526,"Amador, Calaveras, Mariposa, Tuolumne Counties CoC",,382,61,81,0,142,240,269,23,21,0,44,225,113,38,60,98,15,34,12,18,30,4,114,4,0,4,110,112,2,0,2,110,2,2,2,0,46,2,16,0,18,28,2014
CA-526,"Amador, Calaveras, Mariposa, Tuolumne Counties CoC",,376,99,37,0,136,240,257,28,4,0,32,225,119,71,33,104,15,34,20,10,30,4,130,20,0,20,110,130,20,0,20,110,0,0,0,0,37,,,,9,28,2013
CA-526,"Amador, Calaveras, Mariposa, Tuolumne Counties CoC",,379,45,65,0,110,269,204,26,17,0,43,161,175,19,48,67,108,53,7,11,18,35,86,6,0,6,80,78,6,0,6,72,8,0,0,8,24,,,,6,18,2012
CA-528,Del Norte County CoC,,437,16,0,0,16,421,305,0,0,0,0,305,132,16,0,16,116,38,8,0,8,30,384,0,0,0,384,126,0,0,0,126,258,0,0,258,10,,,,0,10,2012
CA-600,Los Angeles City & County CoC,,34393,6214,5568,21,11803,22590,28164,4317,3307,21,7645,20519,6229,1897,2261,4158,2071,1580,425,471,896,684,8882,1350,21,1371,7511,7947,1274,21,1295,6652,935,76,76,859,3739,315,867,0,1182,2557,2014
CA-600,Los Angeles City & County CoC,,35524,6468,6445,21,12934,22590,28846,4215,4091,21,8327,20519,6678,2253,2354,4607,2071,2223,734,805,1539,684,8702,1187,4,1191,7511,7475,819,4,823,6652,1227,368,368,859,4007,,,,1450,2557,2013
CA-600,Los Angeles City & County CoC,,31553,7173,6618,22,13813,17740,24609,4589,4222,22,8833,15776,6944,2584,2396,4980,1964,2245,862,831,1693,552,7930,1351,22,1373,6557,6604,1271,22,1293,5311,1326,80,80,1246,4521,,,,1483,3038,2012
CA-601,San Diego City and County CoC,,8506,1179,3291,51,4521,3985,6499,836,1936,51,2823,3676,2007,343,1355,1698,309,639,103,444,547,92,1245,211,27,238,1007,1156,190,27,217,939,89,21,21,68,1307,213,572,5,790,517,2014
CA-601,San Diego City and County CoC,,8879,947,3311,47,4305,4574,7013,679,1891,47,2617,4396,1866,268,1420,1688,178,597,88,460,548,49,2531,206,28,234,2297,2472,196,28,224,2248,59,10,10,49,1486,,,,798,688,2013
CA-601,San Diego City and County CoC,,10013,1040,3279,52,4371,5642,7755,793,1914,52,2759,4996,2258,247,1365,1612,646,810,82,444,526,284,2691,205,26,231,2460,2541,186,26,212,2329,150,19,19,131,1753,,,,831,922,2012
CA-602,"Santa Ana, Anaheim/Orange County CoC",,3833,851,1304,0,2155,1678,2561,547,339,0,886,1675,1272,304,965,1269,3,410,94,315,409,1,814,141,0,141,673,798,130,0,130,668,16,11,11,5,398,43,86,0,129,269,2014
CA-602,"Santa Ana, Anaheim/Orange County CoC",,4251,1145,1428,0,2573,1678,2712,631,406,0,1037,1675,1539,514,1022,1536,3,523,169,353,522,1,829,156,0,156,673,797,129,0,129,668,32,27,27,5,446,,,,177,269,2013
CA-602,"Santa Ana, Anaheim/Orange County CoC",,7010,1154,1584,0,2738,4272,5257,543,464,0,1007,4250,1753,611,1120,1731,22,540,200,333,533,7,1690,101,0,101,1589,1686,101,0,101,1585,4,0,0,4,869,,,,109,760,2012
CA-603,Santa Maria/Santa Barbara County CoC,,1832,576,278,0,854,978,1443,444,131,0,575,868,389,132,147,279,110,120,40,46,86,34,618,84,0,84,534,520,84,0,84,436,98,0,0,98,134,40,18,0,58,76,2014
CA-603,Santa Maria/Santa Barbara County CoC,,1882,471,433,0,904,978,1464,335,261,0,596,868,418,136,172,308,110,122,35,53,88,34,913,379,0,379,534,693,257,0,257,436,220,122,122,98,124,,,,48,76,2013
CA-603,Santa Maria/Santa Barbara County CoC,,1546,499,179,0,678,868,1318,397,96,0,493,825,228,102,83,185,43,78,35,29,64,14,650,264,0,264,386,628,258,0,258,370,22,6,6,16,173,,,,85,88,2012
CA-604,Bakersfield/Kern County CoC,,992,382,195,0,577,415,725,210,140,0,350,375,267,172,55,227,40,81,52,15,67,14,178,31,0,31,147,168,29,0,29,139,10,2,2,8,87,15,51,0,66,21,2014
CA-604,Bakersfield/Kern County CoC,,1152,378,169,0,547,605,924,245,128,0,373,551,228,133,41,174,54,73,41,12,53,20,286,41,0,41,245,261,36,0,36,225,25,5,5,20,135,,,,70,65,2013
CA-604,Bakersfield/Kern County CoC,,1352,368,151,0,519,833,1146,252,105,0,357,789,206,116,46,162,44,73,40,16,56,17,445,52,0,52,393,379,47,0,47,332,66,5,5,61,172,,,,78,94,2012
CA-606,Long Beach CoC,,2738,396,445,18,859,1879,2260,326,294,18,638,1622,478,70,151,221,257,154,21,52,73,81,1070,93,18,111,959,984,89,18,107,877,86,4,4,82,439,36,239,0,275,164,2014
CA-606,Long Beach CoC,,2847,389,555,24,968,1879,2322,290,386,24,700,1622,525,99,169,268,257,169,34,54,88,81,1112,129,24,153,959,1026,125,24,149,877,86,4,4,82,527,,,,363,164,2013
CA-606,Long Beach CoC,,3170,420,528,19,967,2203,2609,325,329,19,673,1936,561,95,199,294,267,177,29,62,91,86,1123,120,19,139,984,1090,109,19,128,962,33,11,11,22,629,,,,320,309,2012
CA-607,Pasadena CoC,,666,138,127,0,265,401,512,65,60,0,125,387,154,73,67,140,14,50,24,22,46,4,221,72,0,72,149,192,43,0,43,149,29,29,29,0,41,3,0,0,3,38,2014
CA-607,Pasadena CoC,,772,267,112,0,379,393,503,148,61,0,209,294,269,119,51,170,99,93,45,16,61,32,217,12,0,12,205,205,0,0,0,205,12,12,12,0,61,,,,16,45,2013
CA-607,Pasadena CoC,,904,354,113,0,467,437,779,285,63,0,348,431,125,69,50,119,6,50,27,20,47,3,260,41,0,41,219,230,14,0,14,216,30,27,27,3,52,,,,5,47,2012
CA-608,Riverside City & County CoC,,2945,575,482,0,1057,1888,2390,425,221,0,646,1744,555,150,261,411,144,174,47,82,129,45,1093,23,0,23,1070,1010,15,0,15,995,83,8,8,75,296,34,81,0,115,181,2014
CA-608,Riverside City & County CoC,,2978,550,540,0,1090,1888,2374,406,224,0,630,1744,604,144,316,460,144,180,43,92,135,45,1117,47,0,47,1070,1025,30,0,30,995,92,17,17,75,285,,,,104,181,2013
CA-608,Riverside City & County CoC,,6096,479,527,0,1006,5090,5605,342,204,0,546,5059,491,137,323,460,31,153,40,103,143,10,2643,192,0,192,2451,2581,136,0,136,2445,62,56,56,6,912,,,,98,814,2012
CA-609,San Bernardino City & County CoC,,2315,454,614,0,1068,1247,1531,158,256,0,414,1117,784,296,358,654,130,191,73,82,155,36,551,69,0,69,482,490,57,0,57,433,61,12,12,49,167,14,21,0,35,132,2014
CA-609,San Bernardino City & County CoC,,2321,518,556,0,1074,1247,1401,198,86,0,284,1117,920,320,470,790,130,192,62,94,156,36,596,114,0,114,482,513,80,0,80,433,83,34,34,49,184,,,,52,132,2013
CA-609,San Bernardino City & County CoC,,2532,382,458,0,840,1692,1781,240,175,0,415,1366,751,142,283,425,326,194,35,70,105,89,210,30,0,30,180,148,26,0,26,122,62,4,4,58,224,,,,58,166,2012
CA-611,"Oxnard, San Buenaventura/Ventura County CoC",,1428,240,268,10,518,910,1086,207,139,10,356,730,342,33,129,162,180,107,6,40,46,61,440,16,3,19,421,407,16,3,19,388,33,0,0,33,102,6,7,1,14,88,2014
CA-611,"Oxnard, San Buenaventura/Ventura County CoC",,1674,334,256,10,600,1074,1294,278,86,10,374,920,380,56,170,226,154,114,20,47,67,47,797,56,6,62,735,710,50,6,56,654,87,6,6,81,140,,,,22,118,2013
CA-611,"Oxnard, San Buenaventura/Ventura County CoC",,1926,350,323,10,683,1243,1627,295,118,10,423,1204,299,55,205,260,39,89,18,60,78,11,496,75,9,84,412,490,69,9,78,412,6,6,6,0,134,,,,26,108,2012
CA-612,Glendale CoC,,292,107,78,0,185,107,204,101,0,0,101,103,88,6,78,84,4,31,2,28,30,1,79,33,0,33,46,79,33,0,33,46,0,0,0,0,19,6,1,0,7,12,2014
CA-612,Glendale CoC,,318,124,87,0,211,107,200,97,0,0,97,103,118,27,87,114,4,39,9,29,38,1,108,62,0,62,46,89,43,0,43,46,19,19,19,0,23,,,,11,12,2013
CA-612,Glendale CoC,,299,94,85,0,179,120,165,45,0,0,45,120,134,49,85,134,0,45,16,29,45,0,116,28,0,28,88,107,19,0,19,88,9,9,9,0,14,,,,4,10,2012
CA-613,Imperial County CoC,,298,104,60,0,164,134,181,58,0,0,58,123,117,46,60,106,11,36,12,21,33,3,127,40,0,40,87,111,24,0,24,87,16,16,16,0,7,0,0,0,0,7,2014
CA-613,Imperial County CoC,,252,89,59,0,148,104,161,63,0,0,63,98,91,26,59,85,6,30,8,20,28,2,138,52,0,52,86,93,33,0,33,60,45,19,19,26,7,,,,4,3,2013
CA-613,Imperial County CoC,,239,93,43,0,136,103,158,55,0,0,55,103,81,38,43,81,0,26,12,14,26,0,179,21,0,21,158,95,16,0,16,79,84,5,5,79,6,,,,0,6,2012
CA-614,San Luis Obispo County CoC,,2366,172,72,0,244,2122,1912,99,36,0,135,1777,454,73,36,109,345,207,27,11,38,169,748,78,0,78,670,655,63,0,63,592,93,15,15,78,253,9,8,0,17,236,2014
CA-614,San Luis Obispo County CoC,,2357,169,66,0,235,2122,1919,104,38,0,142,1777,438,65,28,93,345,199,21,9,30,169,707,37,0,37,670,629,37,0,37,592,78,0,0,78,260,,,,24,236,2013
CA-614,San Luis Obispo County CoC,,2129,156,72,0,228,1901,1752,100,38,0,138,1614,377,56,34,90,287,134,16,10,26,108,502,14,0,14,488,313,12,0,12,301,189,2,2,187,225,,,,14,211,2012
CO-500,Colorado Balance of State CoC,,2188,674,509,0,1183,1005,1256,406,133,0,539,717,932,268,376,644,288,274,83,108,191,83,493,79,0,79,414,390,73,0,73,317,103,6,6,97,179,60,26,0,86,93,2014
CO-500,Colorado Balance of State CoC,,2267,729,533,0,1262,1005,1275,463,95,0,558,717,992,266,438,704,288,313,100,130,230,83,579,165,0,165,414,457,140,0,140,317,122,25,25,97,177,,,,84,93,2013
CO-500,Colorado Balance of State CoC,,9283,631,384,0,1015,8268,1615,237,58,0,295,1320,7668,394,326,720,6948,1918,99,82,181,1737,729,31,0,31,698,729,31,0,31,698,0,0,0,0,572,,,,77,495,2012
CO-503,Metropolitan Denver CoC,,6621,2885,3042,23,5950,671,3495,2084,828,23,2935,560,3126,801,2214,3015,111,932,243,644,887,45,801,507,0,507,294,630,413,0,413,217,171,94,94,77,429,207,136,0,343,86,2014
CO-503,Metropolitan Denver CoC,,6316,2819,2546,23,5388,928,2609,1507,422,23,1952,657,3707,1312,2124,3436,271,1013,307,633,940,73,889,496,23,519,370,595,347,23,370,225,294,149,149,145,358,,,,267,91,2013
CO-503,Metropolitan Denver CoC,,6358,2441,2928,25,5394,964,2677,1349,640,25,2014,663,3681,1092,2288,3380,301,1081,315,683,998,83,957,630,25,655,302,631,342,25,367,264,326,288,288,38,710,,,,601,109,2012
CO-504,Colorado Springs/El Paso County CoC,,1219,443,507,0,950,269,822,359,202,0,561,261,397,84,305,389,8,111,26,83,109,2,327,161,0,161,166,315,149,0,149,166,12,12,12,0,145,70,29,0,99,46,2014
CO-504,Colorado Springs/El Paso County CoC,,1171,477,464,0,941,230,780,365,200,0,565,215,391,112,264,376,15,118,33,81,114,4,312,162,0,162,150,302,155,0,155,147,10,7,7,3,150,,,,101,49,2013
CO-504,Colorado Springs/El Paso County CoC,,1127,430,421,0,851,276,809,306,232,0,538,271,318,124,189,313,5,105,43,60,103,2,257,98,0,98,159,252,95,0,95,157,5,3,3,2,230,,,,122,108,2012
CT-503,"Bridgeport, Stamford, Norwalk/Fairfield County CoC",,1083,519,253,0,772,311,721,347,100,0,447,274,362,172,153,325,37,129,59,55,114,15,367,252,0,252,115,246,159,0,159,87,121,93,93,28,70,12,41,0,53,17,2014
CT-503,"Bridgeport, Stamford, Norwalk/Fairfield County CoC",,1059,498,250,0,748,311,725,329,122,0,451,274,334,169,128,297,37,116,55,46,101,15,252,137,0,137,115,169,82,0,82,87,83,55,55,28,84,,,,67,17,2013
CT-503,"Bridgeport, Stamford, Norwalk/Fairfield County CoC",,902,469,272,0,741,161,587,310,128,0,438,149,315,159,144,303,12,107,52,50,102,5,199,126,0,126,73,196,123,0,123,73,3,3,3,0,80,,,,66,14,2012
CT-505,Connecticut Balance of State CoC,,3367,1962,797,0,2759,608,2348,1383,413,0,1796,552,1019,579,384,963,56,366,204,140,344,22,848,595,0,595,253,780,537,0,537,243,68,58,58,10,225,61,107,0,168,57,2014
CT-505,Connecticut Balance of State CoC,,3389,1892,889,0,2781,608,2376,1303,521,0,1824,552,1013,589,368,957,56,359,208,129,337,22,794,541,0,541,253,703,460,0,460,243,91,81,81,10,257,,,,200,57,2013
CT-505,Connecticut Balance of State CoC,,3307,1802,971,0,2773,534,2319,1267,547,0,1814,505,988,535,424,959,29,342,187,143,330,12,745,488,0,488,257,728,471,0,471,257,17,17,17,0,252,,,,219,33,2012
DC-500,District of Columbia CoC,,7748,5754,1598,0,7352,396,3953,2828,729,0,3557,396,3795,2926,869,3795,0,1231,907,324,1231,0,2029,1694,0,1694,335,1609,1274,0,1274,335,420,420,420,0,406,276,99,0,375,31,2014
DC-500,District of Columbia CoC,,6865,4010,2343,0,6353,512,3696,2459,725,0,3184,512,3169,1551,1618,3169,0,983,464,519,983,0,2027,1566,0,1566,461,1764,1303,0,1303,461,263,263,263,0,499,,,,435,64,2013
DC-500,District of Columbia CoC,,6954,3772,2503,0,6275,679,3767,2166,922,0,3088,679,3187,1606,1581,3187,0,1014,511,503,1014,0,2315,1773,0,1773,542,1870,1328,0,1328,542,445,445,445,0,531,,,,466,65,2012
DE-500,Delaware Statewide CoC,,901,435,429,0,864,37,584,318,236,0,554,30,317,117,193,310,7,104,40,62,102,2,91,82,0,82,9,88,79,0,79,9,3,3,3,0,93,39,50,0,89,4,2014
DE-500,Delaware Statewide CoC,,946,516,410,10,936,10,575,353,202,10,565,10,371,163,208,371,0,119,53,66,119,0,71,61,7,68,3,65,55,7,62,3,6,6,6,0,89,,,,86,3,2013
DE-500,Delaware Statewide CoC,,1008,527,449,10,986,22,611,364,215,10,589,22,397,163,234,397,0,128,49,79,128,0,100,82,7,89,11,84,66,7,73,11,16,16,16,0,66,,,,64,2,2012
FL-500,"Sarasota, Bradenton/Manatee, Sarasota Counties CoC",,1377,463,317,0,780,597,1131,392,168,0,560,571,246,71,149,220,26,65,23,33,56,9,270,76,0,76,194,250,60,0,60,190,20,16,16,4,170,38,57,0,95,75,2014
FL-500,"Sarasota, Bradenton/Manatee, Sarasota Counties CoC",,1049,335,228,0,563,486,848,284,119,0,403,445,201,51,109,160,41,69,17,41,58,11,301,18,0,18,283,214,13,0,13,201,87,5,5,82,101,,,,51,50,2013
FL-500,"Sarasota, Bradenton/Manatee, Sarasota Counties CoC",,921,369,295,0,664,257,733,302,197,0,499,234,188,67,98,165,23,67,16,43,59,8,151,1,0,1,150,76,1,0,1,75,75,0,0,75,96,,,,55,41,2012
FL-501,Tampa/Hillsborough County CoC,,1944,314,532,7,853,1091,1443,233,311,7,551,892,501,81,221,302,199,188,17,78,95,93,409,30,0,30,379,326,30,0,30,296,83,0,0,83,236,20,83,7,110,126,2014
FL-501,Tampa/Hillsborough County CoC,,1909,387,559,19,965,944,1326,288,346,19,653,673,583,99,213,312,271,201,35,78,113,88,506,131,14,145,361,426,117,14,131,295,80,14,14,66,170,,,,76,94,2013
FL-501,Tampa/Hillsborough County CoC,,7419,377,575,20,972,6447,4515,285,319,20,624,3891,2904,92,256,348,2556,832,31,91,122,710,740,101,8,109,631,740,101,8,109,631,0,0,0,0,800,,,,105,695,2012
FL-502,"St. Petersburg, Clearwater, Largo/Pinellas County CoC",,3391,1353,819,41,2213,1178,2865,981,669,41,1691,1174,526,372,150,522,4,180,135,43,178,2,489,245,27,272,217,474,232,27,259,215,15,13,13,2,550,212,242,21,475,75,2014
FL-502,"St. Petersburg, Clearwater, Largo/Pinellas County CoC",,3913,1033,750,43,1826,2087,3188,905,653,43,1601,1587,725,128,97,225,500,216,44,29,73,143,375,94,41,135,240,297,94,41,135,162,78,0,0,78,618,,,,378,240,2013
FL-502,"St. Petersburg, Clearwater, Largo/Pinellas County CoC",,3971,1191,722,38,1951,2020,2922,1033,631,38,1702,1220,1049,158,91,249,800,279,50,30,80,199,437,103,31,134,303,429,103,31,134,295,8,0,0,8,468,,,,350,118,2012
FL-503,"Lakeland, Winterhaven/Polk County CoC",,536,138,110,0,248,288,451,108,76,0,184,267,85,30,34,64,21,25,8,10,18,7,114,20,0,20,94,111,20,0,20,91,3,0,0,3,40,8,3,0,11,29,2014
FL-503,"Lakeland, Winterhaven/Polk County CoC",,520,118,207,0,325,195,405,78,132,0,210,195,115,40,75,115,0,37,11,26,37,0,172,66,0,66,106,172,66,0,66,106,0,0,0,0,45,,,,16,29,2013
FL-503,"Lakeland, Winterhaven/Polk County CoC",,881,122,175,0,297,584,750,91,109,0,200,550,131,31,66,97,34,41,10,22,32,9,83,16,0,16,67,83,16,0,16,67,0,0,0,0,57,,,,21,36,2012
FL-504,"Daytona Beach, Daytona/Volusia, Flagler Counties CoC",,1633,102,506,0,608,1025,1171,90,246,0,336,835,462,12,260,272,190,165,4,91,95,70,198,14,0,14,184,198,14,0,14,184,0,0,0,0,135,5,50,0,55,80,2014
FL-504,"Daytona Beach, Daytona/Volusia, Flagler Counties CoC",,2176,148,545,0,693,1483,1779,83,243,0,326,1453,397,65,302,367,30,138,26,100,126,12,259,3,0,3,256,259,3,0,3,256,0,0,0,0,380,,,,51,329,2013
FL-504,"Daytona Beach, Daytona/Volusia, Flagler Counties CoC",,2384,81,422,0,503,1881,2123,53,189,0,242,1881,261,28,233,261,0,80,8,72,80,0,289,1,0,1,288,289,1,0,1,288,0,0,0,0,83,,,,33,50,2012
FL-505,"Fort Walton Beach/Okaloosa, Walton Counties CoC",,1577,228,74,0,302,1275,556,191,18,0,209,347,1021,37,56,93,928,393,10,24,34,359,436,123,0,123,313,354,123,0,123,231,82,0,0,82,211,45,0,0,45,166,2014
FL-505,"Fort Walton Beach/Okaloosa, Walton Counties CoC",,1658,154,210,19,383,1275,567,52,149,19,220,347,1091,102,61,163,928,429,40,30,70,359,352,39,0,39,313,256,25,0,25,231,96,14,14,82,265,,,,99,166,2013
FL-505,"Fort Walton Beach/Okaloosa, Walton Counties CoC",,2438,271,239,0,510,1928,975,199,163,0,362,613,1463,72,76,148,1315,562,28,26,54,508,492,233,0,233,259,448,217,0,217,231,44,16,16,28,318,,,,166,152,2012
FL-506,Tallahassee/Leon County CoC,,805,307,310,0,617,188,679,299,192,0,491,188,126,8,118,126,0,38,3,35,38,0,220,123,0,123,97,220,123,0,123,97,0,0,0,0,108,32,51,0,83,25,2014
FL-506,Tallahassee/Leon County CoC,,974,367,382,0,749,225,810,325,260,0,585,225,164,42,122,164,0,79,19,60,79,0,259,130,0,130,129,259,130,0,130,129,0,0,0,0,160,,,,114,46,2013
FL-506,Tallahassee/Leon County CoC,,797,389,349,0,738,59,634,321,254,0,575,59,163,68,95,163,0,58,24,34,58,0,175,157,0,157,18,163,145,0,145,18,12,12,12,0,121,,,,118,3,2012
FL-507,"Orlando/Orange, Osceola, Seminole Counties CoC",,2254,974,1014,0,1988,266,1390,680,444,0,1124,266,864,294,570,864,0,245,97,148,245,0,125,67,0,67,58,125,67,0,67,58,0,0,0,0,299,99,156,0,255,44,2014
FL-507,"Orlando/Orange, Osceola, Seminole Counties CoC",,4378,929,1368,24,2321,2057,3055,616,644,24,1284,1771,1323,313,724,1037,286,414,99,217,316,98,1577,218,20,238,1339,1332,213,20,233,1099,245,5,5,240,611,,,,257,354,2013
FL-507,"Orlando/Orange, Osceola, Seminole Counties CoC",,3661,856,1345,17,2218,1443,2330,537,651,17,1205,1125,1331,319,694,1013,318,446,112,212,324,122,1030,257,17,274,756,988,240,17,257,731,42,17,17,25,574,,,,229,345,2012
FL-508,"Gainesville/Alachua, Putnam Counties CoC",,1256,161,207,0,368,888,1134,113,147,0,260,874,122,48,60,108,14,43,12,26,38,5,471,68,0,68,403,431,38,0,38,393,40,30,30,10,229,22,89,0,111,118,2014
FL-508,"Gainesville/Alachua, Putnam Counties CoC",,1718,213,200,0,413,1305,1074,155,176,0,331,743,644,58,24,82,562,280,16,9,25,255,528,226,0,226,302,401,142,0,142,259,127,84,84,43,300,,,,152,148,2013
FL-508,"Gainesville/Alachua, Putnam Counties CoC",,1814,202,187,0,389,1425,1476,98,99,0,197,1279,338,104,88,192,146,85,22,21,43,42,692,210,0,210,482,510,109,0,109,401,182,101,101,81,263,,,,133,130,2012
FL-509,"Fort Pierce/St. Lucie, Indian River, Martin Counties CoC",,2591,97,152,0,249,2342,1360,28,34,0,62,1298,1231,69,118,187,1044,431,23,37,60,371,131,10,0,10,121,131,10,0,10,121,0,0,0,0,118,3,1,0,4,114,2014
FL-509,"Fort Pierce/St. Lucie, Indian River, Martin Counties CoC",,2240,65,159,0,224,2016,866,19,19,0,38,828,1374,46,140,186,1188,377,21,40,61,316,196,6,0,6,190,154,1,0,1,153,42,5,5,37,94,,,,0,94,2013
FL-509,"Fort Pierce/St. Lucie, Indian River, Martin Counties CoC",,1724,65,114,0,179,1545,917,16,10,0,26,891,807,49,104,153,654,272,15,40,55,217,182,10,0,10,172,96,5,0,5,91,86,5,5,81,74,,,,8,66,2012
FL-510,"Jacksonville-Duval, Clay Counties CoC",,2049,1050,706,0,1756,293,1375,779,316,0,1095,280,674,271,390,661,13,242,95,144,239,3,431,286,0,286,145,399,267,0,267,132,32,19,19,13,224,109,73,0,182,42,2014
FL-510,"Jacksonville-Duval, Clay Counties CoC",,2768,856,815,0,1671,1097,1938,584,379,0,963,975,830,272,436,708,122,232,67,138,205,27,365,186,0,186,179,276,120,0,120,156,89,66,66,23,324,,,,204,120,2013
FL-510,"Jacksonville-Duval, Clay Counties CoC",,2861,842,700,0,1542,1319,2294,615,401,0,1016,1278,567,227,299,526,41,202,82,103,185,17,439,132,0,132,307,363,86,0,86,277,76,46,46,30,292,,,,141,151,2012
FL-511,"Pensacola/Escambia, Santa Rosa Counties CoC",,843,271,340,0,611,232,721,225,269,0,494,227,122,46,71,117,5,33,14,17,31,2,184,86,0,86,98,177,79,0,79,98,7,7,7,0,100,49,26,0,75,25,2014
FL-511,"Pensacola/Escambia, Santa Rosa Counties CoC",,945,242,321,0,563,382,789,195,224,0,419,370,156,47,97,144,12,62,16,43,59,3,243,53,0,53,190,234,44,0,44,190,9,9,9,0,168,,,,95,73,2013
FL-511,"Pensacola/Escambia, Santa Rosa Counties CoC",,792,171,355,0,526,266,667,126,282,0,408,259,125,45,73,118,7,42,14,25,39,3,232,31,0,31,201,213,29,0,29,184,19,2,2,17,104,,,,62,42,2012
FL-512,St. Johns County CoC,,1401,97,100,0,197,1204,1062,65,15,0,80,982,339,32,85,117,222,109,9,27,36,73,65,17,0,17,48,65,17,0,17,48,0,0,0,0,48,10,1,0,11,37,2014
FL-512,St. Johns County CoC,,1437,72,161,0,233,1204,1103,49,72,0,121,982,334,23,89,112,222,120,9,38,47,73,56,8,0,8,48,56,8,0,8,48,0,0,0,0,49,,,,12,37,2013
FL-512,St. Johns County CoC,,1385,64,120,0,184,1201,996,35,21,0,56,940,389,29,99,128,261,107,11,38,49,58,79,4,0,4,75,79,4,0,4,75,0,0,0,0,43,,,,8,35,2012
FL-513,"Palm Bay, Melbourne/Brevard County CoC",,1477,95,522,0,617,860,1043,80,220,0,300,743,434,15,302,317,117,146,5,98,103,43,120,10,0,10,110,117,10,0,10,107,3,0,0,3,333,13,198,0,211,122,2014
FL-513,"Palm Bay, Melbourne/Brevard County CoC",,1567,60,647,0,707,860,1065,23,299,0,322,743,502,37,348,385,117,159,14,102,116,43,115,5,0,5,110,107,0,0,0,107,8,5,5,3,262,,,,140,122,2013
FL-513,"Palm Bay, Melbourne/Brevard County CoC",,2062,242,501,0,743,1319,1386,76,214,0,290,1096,676,166,287,453,223,317,79,141,220,97,138,73,0,73,65,138,73,0,73,65,0,0,0,0,352,,,,123,229,2012
FL-514,Ocala/Marion County CoC,,918,147,127,0,274,644,564,82,72,0,154,410,354,65,55,120,234,121,25,17,42,79,95,6,0,6,89,85,3,0,3,82,10,3,3,7,71,2,69,0,71,0,2014
FL-514,Ocala/Marion County CoC,,530,163,162,0,325,205,373,112,114,0,226,147,157,51,48,99,58,66,24,14,38,28,91,1,0,1,90,91,1,0,1,90,0,0,0,0,120,,,,52,68,2013
FL-514,Ocala/Marion County CoC,,911,107,204,0,311,600,787,93,100,0,193,594,124,14,104,118,6,48,5,40,45,3,88,3,0,3,85,88,3,0,3,85,0,0,0,0,136,,,,15,121,2012
FL-515,"Panama City/Bay, Jackson Counties CoC",,268,69,127,0,196,72,224,69,109,0,178,46,44,0,18,18,26,15,0,7,7,8,36,6,0,6,30,36,6,0,6,30,0,0,0,0,31,7,11,0,18,13,2014
FL-515,"Panama City/Bay, Jackson Counties CoC",,301,39,162,0,201,100,258,30,136,0,166,92,43,9,26,35,8,15,3,9,12,3,38,0,0,0,38,38,0,0,0,38,0,0,0,0,27,,,,11,16,2013
FL-515,"Panama City/Bay, Jackson Counties CoC",,322,106,129,0,235,87,244,99,61,0,160,84,78,7,68,75,3,28,3,24,27,1,56,38,0,38,18,49,33,0,33,16,7,5,5,2,53,,,,33,20,2012
FL-517,"Hendry, Hardee, Highlands Counties CoC",,1346,121,113,0,234,1112,829,61,10,0,71,758,517,60,103,163,354,199,30,51,81,118,117,34,0,34,83,110,27,0,27,83,7,7,7,0,50,0,0,0,0,50,2014
FL-517,"Hendry, Hardee, Highlands Counties CoC",,3847,40,96,0,136,3711,1375,15,12,0,27,1348,2472,25,84,109,2363,864,8,26,34,830,681,14,0,14,667,238,7,0,7,231,443,7,7,436,257,,,,3,254,2013
FL-517,"Hendry, Hardee, Highlands Counties CoC",,1319,0,114,0,114,1205,559,0,114,0,114,445,760,0,0,0,760,376,0,0,0,376,412,0,0,0,412,206,0,0,0,206,206,0,0,206,10,,,,0,10,2012
FL-518,"Columbia, Hamilton, Lafayette, Suwannee Counties CoC",,1070,44,39,0,83,987,652,8,33,0,41,611,418,36,6,42,376,202,17,1,18,184,621,0,0,0,621,350,0,0,0,350,271,0,0,271,209,0,25,0,25,184,2014
FL-518,"Columbia, Hamilton, Lafayette, Suwannee Counties CoC",,1278,45,36,0,81,1197,783,23,33,0,56,727,495,22,3,25,470,222,11,1,12,210,289,19,0,19,270,207,7,0,7,200,82,12,12,70,177,,,,27,150,2013
FL-518,"Columbia, Hamilton, Lafayette, Suwannee Counties CoC",,1180,48,36,0,84,1096,803,27,36,0,63,740,377,21,0,21,356,149,7,0,7,142,255,26,0,26,229,193,13,0,13,180,62,13,13,49,241,,,,24,217,2012
FL-519,Pasco County CoC,,3356,93,63,0,156,3200,1693,40,63,0,103,1590,1663,53,0,53,1610,802,17,0,17,785,1204,17,0,17,1187,809,7,0,7,802,395,10,10,385,369,15,21,0,36,333,2014
FL-519,Pasco County CoC,,3305,63,42,0,105,3200,1653,21,42,0,63,1590,1652,42,0,42,1610,806,21,0,21,785,1200,13,0,13,1187,815,13,0,13,802,385,0,0,385,368,,,,35,333,2013
FL-519,Pasco County CoC,,4351,147,45,0,192,4159,1308,96,45,0,141,1167,3043,51,0,51,2992,1222,25,0,25,1197,1540,82,0,82,1458,1097,55,0,55,1042,443,27,27,416,98,,,,23,75,2012
FL-520,"Citrus, Hernando, Lake, Sumter Counties CoC",,511,193,117,0,310,201,347,121,63,0,184,163,164,72,54,126,38,54,22,19,41,13,10,10,0,10,0,10,10,0,10,0,0,0,0,0,27,16,9,0,25,2,2014
FL-520,"Citrus, Hernando, Lake, Sumter Counties CoC",,709,185,118,0,303,406,438,96,79,0,175,263,271,89,39,128,143,84,28,15,43,41,46,5,0,5,41,38,5,0,5,33,8,0,0,8,49,,,,25,24,2013
FL-520,"Citrus, Hernando, Lake, Sumter Counties CoC",,1788,201,202,0,403,1385,1227,86,152,0,238,989,561,115,50,165,396,223,41,19,60,163,26,13,0,13,13,18,5,0,5,13,8,8,8,0,31,,,,26,5,2012
FL-600,Miami-Dade County CoC,,4156,1965,1325,26,3316,840,2845,1260,719,26,2005,840,1311,705,606,1311,0,385,205,180,385,0,732,267,20,287,445,688,223,20,243,445,44,44,44,0,317,83,92,0,175,142,2014
FL-600,Miami-Dade County CoC,,3802,1470,1466,27,2963,839,2485,809,810,27,1646,839,1317,661,656,1317,0,421,240,181,421,0,618,175,24,199,419,613,170,24,194,419,5,5,5,0,253,,,,193,60,2013
FL-600,Miami-Dade County CoC,,3976,1713,1368,27,3108,868,2517,940,682,27,1649,868,1459,773,686,1459,0,427,230,197,427,0,601,200,27,227,374,586,185,27,212,374,15,15,15,0,265,,,,163,102,2012
FL-601,Ft Lauderdale/Broward County CoC,,2766,917,935,35,1887,879,2028,645,523,35,1203,825,738,272,412,684,54,225,87,124,211,14,525,134,35,169,356,497,116,35,151,346,28,18,18,10,229,53,88,2,143,86,2014
FL-601,Ft Lauderdale/Broward County CoC,,2810,778,1168,35,1981,829,1900,420,632,35,1087,813,910,358,536,894,16,289,100,185,285,4,411,114,35,149,262,408,111,35,146,262,3,3,3,0,225,,,,128,97,2013
FL-601,Ft Lauderdale/Broward County CoC,,3183,774,1108,33,1915,1268,2627,578,779,33,1390,1237,556,196,329,525,31,172,60,100,160,12,760,318,26,344,416,750,312,26,338,412,10,6,6,4,370,,,,149,221,2012
FL-602,Punta Gorda/Charlotte County CoC,,511,72,127,4,203,308,265,20,66,4,90,175,246,52,61,113,133,66,22,17,39,27,156,15,4,19,137,149,8,4,12,137,7,7,7,0,63,2,33,0,35,28,2014
FL-602,Punta Gorda/Charlotte County CoC,,573,66,117,3,186,387,429,24,58,3,85,344,144,42,59,101,43,47,11,25,36,11,211,16,3,19,192,191,7,3,10,181,20,9,9,11,109,,,,21,88,2013
FL-602,Punta Gorda/Charlotte County CoC,,756,75,132,4,211,545,584,42,132,4,178,406,172,33,0,33,139,39,7,0,7,32,204,23,4,27,177,198,23,4,27,171,6,0,0,6,97,,,,26,71,2012
FL-603,"Ft Myers, Cape Coral/Lee County CoC",,871,249,178,0,427,444,700,175,154,0,329,371,171,74,24,98,73,40,17,9,26,14,281,24,0,24,257,224,21,0,21,203,57,3,3,54,120,39,20,0,59,61,2014
FL-603,"Ft Myers, Cape Coral/Lee County CoC",,848,236,216,0,452,396,699,146,191,0,337,362,149,90,25,115,34,42,26,9,35,7,180,58,0,58,122,162,47,0,47,115,18,11,11,7,70,,,,39,31,2013
FL-603,"Ft Myers, Cape Coral/Lee County CoC",,781,184,226,0,410,371,637,149,193,0,342,295,144,35,33,68,76,40,13,11,24,16,182,72,0,72,110,179,72,0,72,107,3,0,0,3,82,,,,46,36,2012
FL-604,Monroe County CoC,,678,235,148,0,383,295,594,198,126,0,324,270,84,37,22,59,25,28,15,7,22,6,116,25,0,25,91,114,23,0,23,91,2,2,2,0,92,17,19,0,36,56,2014
FL-604,Monroe County CoC,,652,225,122,0,347,305,585,188,96,0,284,301,67,37,26,63,4,23,12,9,21,2,173,63,0,63,110,173,63,0,63,110,0,0,0,0,108,,,,57,51,2013
FL-604,Monroe County CoC,,922,230,134,0,364,558,793,190,111,0,301,492,129,40,23,63,66,47,14,8,22,25,274,70,0,70,204,242,70,0,70,172,32,0,0,32,92,,,,52,40,2012
FL-605,West Palm Beach/Palm Beach County CoC,,1596,297,333,19,649,947,1327,219,272,19,510,817,269,78,61,139,130,84,25,23,48,36,396,53,19,72,324,361,51,19,70,291,35,2,2,33,151,17,37,4,58,93,2014
FL-605,West Palm Beach/Palm Beach County CoC,,1559,259,337,16,612,947,1283,172,278,16,466,817,276,87,59,146,130,78,22,20,42,36,373,33,16,49,324,332,25,16,41,291,41,8,8,33,168,,,,75,93,2013
FL-605,West Palm Beach/Palm Beach County CoC,,2116,350,353,16,719,1397,1667,194,225,16,435,1232,449,156,128,284,165,129,52,39,91,38,456,75,16,91,365,421,75,16,91,330,35,0,0,35,186,,,,76,110,2012
FL-606,Naples/Collier County CoC,,361,198,128,0,326,35,281,157,100,0,257,24,80,41,28,69,11,26,13,11,24,2,37,32,0,32,5,32,27,0,27,5,5,5,5,0,22,8,12,0,20,2,2014
FL-606,Naples/Collier County CoC,,396,207,135,0,342,54,285,141,95,0,236,49,111,66,40,106,5,36,19,16,35,1,32,26,0,26,6,29,23,0,23,6,3,3,3,0,27,,,,17,10,2013
FL-606,Naples/Collier County CoC,,455,211,139,0,350,105,300,154,41,0,195,105,155,57,98,155,0,43,18,25,43,0,41,28,0,28,13,40,27,0,27,13,1,1,1,0,25,,,,16,9,2012
GA-500,Atlanta CoC,,4797,1988,1434,0,3422,1375,4203,1708,1159,0,2867,1336,594,280,275,555,39,182,80,90,170,12,1341,628,0,628,713,1322,616,0,616,706,19,12,12,7,477,72,204,0,276,201,2014
GA-500,Atlanta CoC,,5536,2564,1239,0,3803,1733,4956,2168,1094,0,3262,1694,580,396,145,541,39,187,127,48,175,12,1431,629,0,629,802,1378,582,0,582,796,53,47,47,6,983,,,,655,328,2013
GA-500,Atlanta CoC,,6811,2315,2096,22,4433,2378,5458,1879,1221,22,3122,2336,1353,436,875,1311,42,576,213,348,561,15,1709,1076,6,1082,627,1365,743,6,749,616,344,333,333,11,1232,,,,798,434,2012
GA-501,Georgia Balance of State CoC,,7577,1298,962,0,2260,5317,5264,584,97,0,681,4583,2313,714,865,1579,734,725,217,266,483,242,1127,160,0,160,967,810,92,0,92,718,317,68,68,249,564,112,14,0,126,438,2014
GA-501,Georgia Balance of State CoC,,7651,1265,1069,0,2334,5317,5271,595,93,0,688,4583,2380,670,976,1646,734,708,238,228,466,242,1136,169,0,169,967,848,130,0,130,718,288,39,39,249,496,,,,58,438,2013
GA-501,Georgia Balance of State CoC,,11105,1129,1121,0,2250,8855,7872,455,139,0,594,7278,3233,674,982,1656,1577,1016,214,303,517,499,1795,179,0,179,1616,1314,118,0,118,1196,481,61,61,420,850,,,,141,709,2012
GA-502,Fulton County CoC,,477,57,317,0,374,103,232,9,128,0,137,95,245,48,189,237,8,85,16,67,83,2,50,9,0,9,41,46,9,0,9,37,4,0,0,4,78,9,46,0,55,23,2014
GA-502,Fulton County CoC,,428,55,243,0,298,130,206,12,64,0,76,130,222,43,179,222,0,77,14,63,77,0,55,12,0,12,43,55,12,0,12,43,0,0,0,0,33,,,,22,11,2013
GA-503,Athens-Clarke County CoC,,247,106,54,0,160,87,200,84,29,0,113,87,47,22,25,47,0,14,7,7,14,0,42,11,0,11,31,42,11,0,11,31,0,0,0,0,15,5,1,0,6,9,2014
GA-503,Athens-Clarke County CoC,,213,91,27,0,118,95,171,76,0,0,76,95,42,15,27,42,0,14,5,9,14,0,67,22,0,22,45,67,22,0,22,45,0,0,0,0,15,,,,3,12,2013
GA-503,Athens-Clarke County CoC,,361,54,84,0,138,223,273,44,14,0,58,215,88,10,70,80,8,28,5,20,25,3,71,21,0,21,50,71,21,0,21,50,0,0,0,0,29,,,,9,20,2012
GA-504,Augusta-Richmond County CoC,,472,192,134,0,326,146,358,158,80,0,238,120,114,34,54,88,26,34,10,19,29,5,83,35,0,35,48,72,32,0,32,40,11,3,3,8,65,33,16,0,49,16,2014
GA-504,Augusta-Richmond County CoC,,476,163,167,0,330,146,313,135,58,0,193,120,163,28,109,137,26,41,10,26,36,5,62,14,0,14,48,54,14,0,14,40,8,0,0,8,42,,,,26,16,2013
GA-504,Augusta-Richmond County CoC,,396,242,149,0,391,5,265,190,73,0,263,2,131,52,76,128,3,44,20,23,43,1,94,92,0,92,2,94,92,0,92,2,0,0,0,0,63,,,,63,0,2012
GA-505,Columbus-Muscogee/Russell County CoC,,312,164,35,0,199,113,257,109,35,0,144,113,55,55,0,55,0,19,19,0,19,0,65,26,0,26,39,65,26,0,26,39,0,0,0,0,21,4,2,0,6,15,2014
GA-505,Columbus-Muscogee/Russell County CoC,,294,179,55,0,234,60,246,131,55,0,186,60,48,48,0,48,0,19,19,0,19,0,58,32,0,32,26,58,32,0,32,26,0,0,0,0,42,,,,29,13,2013
GA-505,Columbus-Muscogee/Russell County CoC,,333,224,54,0,278,55,236,143,54,0,197,39,97,81,0,81,16,29,24,0,24,5,29,21,0,21,8,29,21,0,21,8,0,0,0,0,34,,,,29,5,2012
GA-506,Marietta/Cobb County CoC,,523,139,240,0,379,144,288,85,81,0,166,122,235,54,159,213,22,80,21,54,75,5,65,21,0,21,44,57,21,0,21,36,8,0,0,8,51,11,6,0,17,34,2014
GA-506,Marietta/Cobb County CoC,,495,108,243,0,351,144,263,61,80,0,141,122,232,47,163,210,22,76,16,55,71,5,60,16,0,16,44,52,16,0,16,36,8,0,0,8,59,,,,25,34,2013
GA-506,Marietta/Cobb County CoC,,392,93,250,0,343,49,193,59,88,0,147,46,199,34,162,196,3,68,14,53,67,1,40,10,0,10,30,40,10,0,10,30,0,0,0,0,35,,,,15,20,2012
GA-507,Savannah/Chatham County CoC,,1315,294,280,0,574,741,1170,200,229,0,429,741,145,94,51,145,0,59,38,21,59,0,150,55,0,55,95,150,55,0,55,95,0,0,0,0,44,25,12,0,37,7,2014
GA-507,Savannah/Chatham County CoC,,1165,269,274,0,543,622,1052,195,235,0,430,622,113,74,39,113,0,40,25,15,40,0,131,42,0,42,89,123,34,0,34,89,8,8,8,0,68,,,,39,29,2013
GA-507,Savannah/Chatham County CoC,,1118,234,253,0,487,631,1066,208,227,0,435,631,52,26,26,52,0,18,8,10,18,0,105,21,0,21,84,103,19,0,19,84,2,2,2,0,54,,,,39,15,2012
GA-508,DeKalb County CoC,,801,203,317,0,520,281,431,67,90,0,157,274,370,136,227,363,7,93,38,53,91,2,81,0,0,0,81,81,0,0,0,81,0,0,0,0,128,0,75,0,75,53,2014
GA-508,DeKalb County CoC,,713,130,369,0,499,214,402,8,190,0,198,204,311,122,179,301,10,95,37,55,92,3,82,0,0,0,82,78,0,0,0,78,4,0,0,4,67,,,,43,24,2013
GU-500,Guam CoC,,1356,57,69,0,126,1230,332,16,21,0,37,295,1024,41,48,89,935,180,10,10,20,160,67,0,0,0,67,24,0,0,0,24,43,0,0,43,36,2,4,0,6,30,2014
GU-500,Guam CoC,,1271,60,68,0,128,1143,296,11,24,0,35,261,975,49,44,93,882,167,15,10,25,142,290,1,0,1,289,51,1,0,1,50,239,0,0,239,32,,,,2,30,2013
GU-500,Guam CoC,,1301,66,121,0,187,1114,255,26,39,0,65,190,1046,40,82,122,924,165,10,19,29,136,226,0,0,0,226,22,0,0,0,22,204,0,0,204,31,,,,6,25,2012
HI-500,Hawaii Balance of State CoC,,2206,281,453,0,734,1472,1394,132,121,0,253,1141,812,149,332,481,331,212,42,95,137,75,567,65,0,65,502,452,46,0,46,406,115,19,19,96,208,13,20,0,33,175,2014
HI-500,Hawaii Balance of State CoC,,1779,244,410,0,654,1125,1159,129,112,0,241,918,620,115,298,413,207,168,37,81,118,50,395,45,0,45,350,339,25,0,25,314,56,20,20,36,160,,,,27,133,2013
HI-500,Hawaii Balance of State CoC,,1893,257,434,0,691,1202,1121,104,106,0,210,911,772,153,328,481,291,217,54,93,147,70,345,37,0,37,308,324,27,0,27,297,21,10,10,11,140,,,,28,112,2012
HI-501,Honolulu City and County CoC,,4712,881,2173,25,3079,1633,2356,349,537,25,911,1445,2356,532,1636,2168,188,578,126,400,526,52,734,112,22,134,600,657,77,22,99,558,77,35,35,42,385,47,162,5,214,171,2014
HI-501,Honolulu City and County CoC,,4556,982,2084,25,3091,1465,2196,467,409,25,901,1295,2360,515,1675,2190,170,568,136,389,525,43,785,207,21,228,557,692,166,21,187,505,93,41,41,52,398,,,,207,191,2013
HI-501,Honolulu City and County CoC,,4353,884,2126,25,3035,1318,2009,409,431,25,865,1144,2344,475,1695,2170,174,575,129,405,534,41,604,92,17,109,495,586,84,17,101,485,18,8,8,10,367,,,,202,165,2012
IA-500,"Sioux City/Dakota, Woodbury Counties CoC",,297,140,128,0,268,29,161,107,25,0,132,29,136,33,103,136,0,42,8,34,42,0,16,10,0,10,6,16,10,0,10,6,0,0,0,0,11,8,3,0,11,0,2014
IA-500,"Sioux City/Dakota, Woodbury Counties CoC",,236,109,115,0,224,12,115,72,31,0,103,12,121,37,84,121,0,45,15,30,45,0,65,57,0,57,8,58,50,0,50,8,7,7,7,0,11,,,,9,2,2013
IA-500,"Sioux City/Dakota, Woodbury Counties CoC",,250,100,133,0,233,17,119,74,28,0,102,17,131,26,105,131,0,47,9,38,47,0,46,44,0,44,2,35,33,0,33,2,11,11,11,0,10,,,,8,2,2012
IA-501,Iowa Balance of State CoC,,1939,816,1058,0,1874,65,812,461,306,0,767,45,1127,355,752,1107,20,348,114,229,343,5,112,97,0,97,15,79,64,0,64,15,33,33,33,0,100,54,40,0,94,6,2014
IA-501,Iowa Balance of State CoC,,1920,710,1149,0,1859,61,833,416,358,0,774,59,1087,294,791,1085,2,344,96,247,343,1,145,129,0,129,16,108,92,0,92,16,37,37,37,0,88,,,,85,3,2013
IA-501,Iowa Balance of State CoC,,1860,736,1067,0,1803,57,818,461,304,0,765,53,1042,275,763,1038,4,328,89,238,327,1,155,124,0,124,31,129,98,0,98,31,26,26,26,0,106,,,,101,5,2012
IA-502,Des Moines/Polk County CoC,,886,431,353,0,784,102,571,316,153,0,469,102,315,115,200,315,0,97,31,66,97,0,116,47,0,47,69,116,47,0,47,69,0,0,0,0,91,43,29,0,72,19,2014
IA-502,Des Moines/Polk County CoC,,928,384,483,0,867,61,576,294,221,0,515,61,352,90,262,352,0,106,29,77,106,0,117,72,0,72,45,111,66,0,66,45,6,6,6,0,130,,,,126,4,2013
IA-502,Des Moines/Polk County CoC,,818,328,416,0,744,74,509,221,214,0,435,74,309,107,202,309,0,91,34,57,91,0,106,50,0,50,56,106,50,0,50,56,0,0,0,0,101,,,,96,5,2012
ID-500,Boise/Ada County CoC,,753,439,268,0,707,46,576,345,188,0,533,43,177,94,80,174,3,57,31,25,56,1,82,71,0,71,11,47,39,0,39,8,35,32,32,3,91,19,65,0,84,7,2014
ID-500,Boise/Ada County CoC,,694,438,207,0,645,49,544,339,159,0,498,46,150,99,48,147,3,39,22,16,38,1,108,93,0,93,15,85,73,0,73,12,23,20,20,3,112,,,,106,6,2013
ID-500,Boise/Ada County CoC,,754,482,219,0,701,53,566,375,140,0,515,51,188,107,79,186,2,54,27,26,53,1,86,71,0,71,15,74,63,0,63,11,12,8,8,4,139,,,,125,14,2012
ID-501,Idaho Balance of State CoC,,1351,300,461,0,761,590,658,180,135,0,315,343,693,120,326,446,247,207,41,100,141,66,162,34,0,34,128,109,30,0,30,79,53,4,4,49,124,11,40,0,51,73,2014
ID-501,Idaho Balance of State CoC,,1087,307,452,0,759,328,540,151,126,0,277,263,547,156,326,482,65,172,51,103,154,18,163,72,0,72,91,108,32,0,32,76,55,40,40,15,96,,,,56,40,2013
ID-501,Idaho Balance of State CoC,,1214,288,493,0,781,433,609,142,130,0,272,337,605,146,363,509,96,192,47,116,163,29,166,40,0,40,126,126,27,0,27,99,40,13,13,27,121,,,,59,62,2012
IL-500,McHenry County CoC,,166,76,85,0,161,5,108,60,43,0,103,5,58,16,42,58,0,21,7,14,21,0,10,9,0,9,1,10,9,0,9,1,0,0,0,0,25,6,19,0,25,0,2014
IL-500,McHenry County CoC,,185,63,117,0,180,5,111,51,55,0,106,5,74,12,62,74,0,24,5,19,24,0,9,8,0,8,1,9,8,0,8,1,0,0,0,0,25,,,,25,0,2013
IL-500,McHenry County CoC,,196,60,133,0,193,3,123,60,60,0,120,3,73,0,73,73,0,23,0,23,23,0,43,43,0,43,0,43,43,0,43,0,0,0,0,0,57,,,,57,0,2012
IL-501,"Rockford/Winnebago, Boone Counties CoC",,410,230,149,0,379,31,283,154,105,0,259,24,127,76,44,120,7,38,22,14,36,2,73,60,0,60,13,51,43,0,43,8,22,17,17,5,16,8,8,0,16,0,2014
IL-501,"Rockford/Winnebago, Boone Counties CoC",,788,221,280,0,501,287,406,94,200,0,294,112,382,127,80,207,175,106,37,28,65,41,268,153,0,153,115,184,121,0,121,63,84,32,32,52,45,,,,32,13,2013
IL-501,"Rockford/Winnebago, Boone Counties CoC",,727,217,308,0,525,202,442,126,215,0,341,101,285,91,93,184,101,105,30,39,69,36,152,117,0,117,35,129,101,0,101,28,23,16,16,7,88,,,,71,17,2012
IL-502,"Waukegan, North Chicago/Lake County CoC",,409,213,176,15,404,5,206,85,101,15,201,5,203,128,75,203,0,67,43,24,67,0,31,17,13,30,1,24,10,13,23,1,7,7,7,0,70,9,61,0,70,0,2014
IL-502,"Waukegan, North Chicago/Lake County CoC",,497,328,150,14,492,5,337,252,66,14,332,5,160,76,84,160,0,53,25,28,53,0,62,47,14,61,1,62,47,14,61,1,0,0,0,0,82,,,,82,0,2013
IL-502,"Waukegan, North Chicago/Lake County CoC",,450,328,104,13,445,5,259,210,31,13,254,5,191,118,73,191,0,74,45,29,74,0,66,53,13,66,0,60,47,13,60,0,6,6,6,0,62,,,,62,0,2012
IL-503,"Champaign, Urbana, Rantoul/Champaign County CoC",,205,14,179,0,193,12,148,12,124,0,136,12,57,2,55,57,0,17,1,16,17,0,1,1,0,1,0,1,1,0,1,0,0,0,0,0,23,0,21,0,21,2,2014
IL-503,"Champaign, Urbana, Rantoul/Champaign County CoC",,214,59,112,0,171,43,156,59,71,0,130,26,58,0,41,41,17,15,0,11,11,4,8,4,0,4,4,8,4,0,4,4,0,0,0,0,31,,,,28,3,2013
IL-503,"Champaign, Urbana, Rantoul/Champaign County CoC",,209,42,141,0,183,26,134,42,75,0,117,17,75,0,66,66,9,26,0,22,22,4,25,2,0,2,23,19,2,0,2,17,6,0,0,6,25,,,,25,0,2012
IL-504,Madison County CoC,,240,107,117,0,224,16,73,47,10,0,57,16,167,60,107,167,0,46,17,29,46,0,53,46,0,46,7,18,11,0,11,7,35,35,35,0,8,5,3,0,8,0,2014
IL-504,Madison County CoC,,201,70,103,0,173,28,46,20,9,0,29,17,155,50,94,144,11,44,17,24,41,3,7,1,0,1,6,7,1,0,1,6,0,0,0,0,7,,,,4,3,2013
IL-504,Madison County CoC,,196,78,104,0,182,14,44,24,6,0,30,14,152,54,98,152,0,49,22,27,49,0,11,6,0,6,5,11,6,0,6,5,0,0,0,0,4,,,,2,2,2012
IL-506,"Joliet, Bolingbrook/Will County CoC",,309,165,129,0,294,15,187,119,53,0,172,15,122,46,76,122,0,37,15,22,37,0,16,1,0,1,15,16,1,0,1,15,0,0,0,0,20,9,9,0,18,2,2014
IL-506,"Joliet, Bolingbrook/Will County CoC",,288,152,129,0,281,7,184,122,55,0,177,7,104,30,74,104,0,32,11,21,32,0,17,11,0,11,6,17,11,0,11,6,0,0,0,0,30,,,,30,0,2013
IL-506,"Joliet, Bolingbrook/Will County CoC",,291,135,147,0,282,9,164,95,60,0,155,9,127,40,87,127,0,42,12,30,42,0,15,7,0,7,8,15,7,0,7,8,0,0,0,0,24,,,,24,0,2012
IL-507,"Peoria, Pekin/Fulton, Tazewell, Peoria, Woodford Counties CoC",,405,234,145,0,379,26,242,165,55,0,220,22,163,69,90,159,4,56,22,32,54,2,53,52,0,52,1,44,43,0,43,1,9,9,9,0,10,5,2,0,7,3,2014
IL-507,"Peoria, Pekin/Fulton, Tazewell, Peoria, Woodford Counties CoC",,396,261,109,0,370,26,252,181,49,0,230,22,144,80,60,140,4,48,25,21,46,2,52,51,0,51,1,48,47,0,47,1,4,4,4,0,26,,,,23,3,2013
IL-507,"Peoria, Pekin/Fulton, Tazewell, Peoria, Woodford Counties CoC",,376,238,129,0,367,9,220,158,56,0,214,6,156,80,73,153,3,48,23,24,47,1,48,47,0,47,1,48,47,0,47,1,0,0,0,0,22,,,,21,1,2012
IL-508,"East St. Louis, Belleville/St. Clair County CoC",,339,92,109,0,201,138,171,25,39,0,64,107,168,67,70,137,31,51,18,24,42,9,97,8,0,8,89,82,2,0,2,80,15,6,6,9,35,5,24,0,29,6,2014
IL-508,"East St. Louis, Belleville/St. Clair County CoC",,213,32,114,0,146,67,121,11,43,0,54,67,92,21,71,92,0,31,5,26,31,0,24,0,0,0,24,22,0,0,0,22,2,0,0,2,41,,,,29,12,2013
IL-508,"East St. Louis, Belleville/St. Clair County CoC",,451,59,107,0,166,285,193,12,36,0,48,145,258,47,71,118,140,73,17,25,42,31,70,4,0,4,66,38,2,0,2,36,32,2,2,30,67,,,,46,21,2012
IL-509,Dekalb City & County CoC,,96,43,47,0,90,6,34,28,0,0,28,6,62,15,47,62,0,18,6,12,18,0,1,0,0,0,1,1,0,0,0,1,0,0,0,0,0,0,0,0,0,0,2014
IL-509,Dekalb City & County CoC,,107,57,47,0,104,3,46,41,2,0,43,3,61,16,45,61,0,19,5,14,19,0,0,0,0,0,0,0,0,0,0,0,0,0,0,0,0,,,,0,0,2013
IL-509,Dekalb City & County CoC,,125,65,47,0,112,13,51,36,2,0,38,13,74,29,45,74,0,22,10,12,22,0,2,0,0,0,2,2,0,0,0,2,0,0,0,0,2,,,,2,0,2012
IL-510,Chicago CoC,,6287,1864,3424,40,5328,959,3738,1616,1127,40,2783,955,2549,248,2297,2545,4,783,80,701,781,2,655,390,31,421,234,655,390,31,421,234,0,0,0,0,714,162,296,0,458,256,2014
IL-510,Chicago CoC,,6276,2058,2965,37,5060,1216,3923,1750,942,37,2729,1194,2353,308,2023,2331,22,735,106,624,730,5,557,249,8,257,300,557,249,8,257,300,0,0,0,0,712,,,,406,306,2013
IL-510,Chicago CoC,,6710,1783,3165,40,4988,1722,4270,1506,1063,40,2609,1661,2440,277,2102,2379,61,770,90,650,740,30,1118,372,23,395,723,1112,372,23,395,717,6,0,0,6,520,,,,270,250,2012
IL-511,Cook County CoC,,1182,468,549,14,1031,151,643,341,142,14,497,146,539,127,407,534,5,177,42,134,176,1,97,53,14,67,30,97,53,14,67,30,0,0,0,0,105,19,62,3,84,21,2014
IL-511,Cook County CoC,,1242,506,570,15,1091,151,693,395,137,15,547,146,549,111,433,544,5,176,38,137,175,1,109,64,15,79,30,109,64,15,79,30,0,0,0,0,121,,,,100,21,2013
IL-511,Cook County CoC,,1242,430,564,15,1009,233,738,351,146,15,512,226,504,79,418,497,7,171,33,136,169,2,192,65,15,80,112,192,65,15,80,112,0,0,0,0,115,,,,88,27,2012
IL-512,Bloomington/Central Illinois CoC,,669,438,96,19,553,116,219,113,27,19,159,60,450,325,69,394,56,194,132,34,166,28,59,54,0,54,5,59,54,0,54,5,0,0,0,0,52,27,17,0,44,8,2014
IL-512,Bloomington/Central Illinois CoC,,536,274,130,16,420,116,353,214,63,16,293,60,183,60,67,127,56,75,17,30,47,28,62,53,4,57,5,57,48,4,52,5,5,5,5,0,15,,,,7,8,2013
IL-512,Bloomington/Central Illinois CoC,,668,291,140,21,452,216,361,221,30,21,272,89,307,70,110,180,127,89,21,29,50,39,60,39,10,49,11,60,39,10,49,11,0,0,0,0,25,,,,25,0,2012
IL-513,Springfield/Sangamon County CoC,,269,139,109,0,248,21,175,101,60,0,161,14,94,38,49,87,7,32,12,18,30,2,52,45,0,45,7,38,31,0,31,7,14,14,14,0,25,6,18,0,24,1,2014
IL-513,Springfield/Sangamon County CoC,,280,150,120,0,270,10,181,101,70,0,171,10,99,49,50,99,0,31,14,17,31,0,87,78,0,78,9,67,58,0,58,9,20,20,20,0,23,,,,22,1,2013
IL-513,Springfield/Sangamon County CoC,,251,114,128,0,242,9,160,114,37,0,151,9,91,0,91,91,0,27,0,27,27,0,97,92,0,92,5,96,91,0,91,5,1,1,1,0,18,,,,17,1,2012
IL-514,DuPage County CoC,,654,216,409,0,625,29,300,155,116,0,271,29,354,61,293,354,0,119,20,99,119,0,73,68,0,68,5,71,66,0,66,5,2,2,2,0,19,9,7,0,16,3,2014
IL-514,DuPage County CoC,,665,215,421,0,636,29,295,167,99,0,266,29,370,48,322,370,0,120,16,104,120,0,74,69,0,69,5,69,64,0,64,5,5,5,5,0,19,,,,16,3,2013
IL-514,DuPage County CoC,,641,168,440,0,608,33,286,130,126,0,256,30,355,38,314,352,3,115,13,101,114,1,113,98,0,98,15,93,81,0,81,12,20,17,17,3,31,,,,30,1,2012
IL-515,South Central Illinois CoC,,118,53,61,0,114,4,23,17,2,0,19,4,95,36,59,95,0,43,17,26,43,0,3,2,0,2,1,3,2,0,2,1,0,0,0,0,4,4,0,0,4,0,2014
IL-515,South Central Illinois CoC,,149,55,75,0,130,19,40,25,4,0,29,11,109,30,71,101,8,37,10,23,33,4,21,10,0,10,11,16,7,0,7,9,5,3,3,2,4,,,,3,1,2013
IL-515,South Central Illinois CoC,,124,74,50,0,124,0,33,32,1,0,33,0,91,42,49,91,0,29,14,15,29,0,12,12,0,12,0,6,6,0,6,0,6,6,6,0,0,,,,0,0,2012
IL-516,Decatur/Macon County CoC,,256,115,75,0,190,66,151,88,11,0,99,52,105,27,64,91,14,28,6,18,24,4,65,39,0,39,26,46,24,0,24,22,19,15,15,4,17,9,0,0,9,8,2014
IL-516,Decatur/Macon County CoC,,247,115,75,0,190,57,144,77,18,0,95,49,103,38,57,95,8,35,14,18,32,3,69,38,0,38,31,42,27,0,27,15,27,11,11,16,12,,,,10,2,2013
IL-516,Decatur/Macon County CoC,,210,94,61,3,158,52,122,62,11,3,76,46,88,32,50,82,6,31,12,17,29,2,49,26,3,29,20,41,26,3,29,12,8,0,0,8,9,,,,6,3,2012
IL-517,"Aurora, Elgin/Kane County CoC",,405,278,81,0,359,46,310,241,23,0,264,46,95,37,58,95,0,31,13,18,31,0,95,74,0,74,21,92,71,0,71,21,3,3,3,0,34,23,5,0,28,6,2014
IL-517,"Aurora, Elgin/Kane County CoC",,451,285,120,0,405,46,344,248,50,0,298,46,107,37,70,107,0,32,13,19,32,0,109,88,0,88,21,103,82,0,82,21,6,6,6,0,37,,,,31,6,2013
IL-517,"Aurora, Elgin/Kane County CoC",,431,258,130,0,388,43,313,221,56,0,277,36,118,37,74,111,7,40,12,25,37,3,74,65,0,65,9,71,62,0,62,9,3,3,3,0,34,,,,30,4,2012
IL-518,"Rock Island, Moline/Northwestern Illinois CoC",,218,63,145,9,217,1,103,46,47,9,102,1,115,17,98,115,0,44,8,36,44,0,9,0,9,9,0,9,0,9,9,0,0,0,0,0,13,0,13,0,13,0,2014
IL-518,"Rock Island, Moline/Northwestern Illinois CoC",,219,52,159,7,218,1,122,24,90,7,121,1,97,28,69,97,0,36,11,25,36,0,0,0,0,0,0,0,0,0,0,0,0,0,0,0,9,,,,9,0,2013
IL-518,"Rock Island, Moline/Northwestern Illinois CoC",,263,94,141,0,235,28,129,75,40,0,115,14,134,19,101,120,14,43,6,33,39,4,12,12,0,12,0,12,12,0,12,0,0,0,0,0,10,,,,10,0,2012
IL-519,West Central Illinois CoC,,145,60,80,0,140,5,61,38,18,0,56,5,84,22,62,84,0,29,7,22,29,0,6,6,0,6,0,4,4,0,4,0,2,2,2,0,5,4,1,0,5,0,2014
IL-519,West Central Illinois CoC,,133,48,80,0,128,5,44,21,18,0,39,5,89,27,62,89,0,22,8,14,22,0,4,4,0,4,0,4,4,0,4,0,0,0,0,0,5,,,,5,0,2013
IL-519,West Central Illinois CoC,,172,59,90,0,149,23,69,41,22,0,63,6,103,18,68,86,17,35,6,24,30,5,17,11,0,11,6,15,9,0,9,6,2,2,2,0,3,,,,1,2,2012
IL-520,Southern Illinois CoC,,325,163,116,0,279,46,175,88,54,0,142,33,150,75,62,137,13,49,23,20,43,6,39,18,0,18,21,28,9,0,9,19,11,9,9,2,39,7,27,0,34,5,2014
IL-520,Southern Illinois CoC,,338,159,104,0,263,75,160,81,40,0,121,39,178,78,64,142,36,59,28,21,49,10,35,11,0,11,24,22,7,0,7,15,13,4,4,9,23,,,,20,3,2013
IL-520,Southern Illinois CoC,,411,241,100,0,341,70,158,101,26,0,127,31,253,140,74,214,39,93,47,35,82,11,30,9,0,9,21,16,4,0,4,12,14,5,5,9,31,,,,26,5,2012
IN-502,Indiana Balance of State CoC,,4081,2385,1367,0,3752,329,2598,1642,637,0,2279,319,1483,743,730,1473,10,492,247,242,489,3,365,282,0,282,83,331,250,0,250,81,34,32,32,2,359,168,160,0,328,31,2014
IN-502,Indiana Balance of State CoC,,4497,2226,1691,0,3917,580,2642,1441,733,0,2174,468,1855,785,958,1743,112,588,244,311,555,33,398,272,0,272,126,347,224,0,224,123,51,48,48,3,423,,,,357,66,2013
IN-502,Indiana Balance of State CoC,,4612,2089,1807,0,3896,716,2177,1051,639,0,1690,487,2435,1038,1168,2206,229,801,319,392,711,90,251,124,0,124,127,246,119,0,119,127,5,5,5,0,342,,,,223,119,2012
IN-503,Indianapolis CoC,,1890,991,803,22,1816,74,1355,720,539,22,1281,74,535,271,264,535,0,162,95,67,162,0,231,188,15,203,28,211,168,15,183,28,20,20,20,0,366,84,275,0,359,7,2014
IN-503,Indianapolis CoC,,1599,861,594,24,1479,120,1109,580,389,24,993,116,490,281,205,486,4,151,84,66,150,1,182,113,24,137,45,164,95,24,119,45,18,18,18,0,320,,,,309,11,2013
IN-503,Indianapolis CoC,,1647,845,604,25,1474,173,1139,504,442,25,971,168,508,341,162,503,5,154,102,51,153,1,294,220,25,245,49,215,141,25,166,49,79,79,79,0,345,,,,324,21,2012
KS-502,Wichita/Sedgwick County CoC,,631,403,135,10,548,83,442,313,36,10,359,83,189,90,99,189,0,59,26,33,59,0,107,79,1,80,27,107,79,1,80,27,0,0,0,0,62,45,0,0,45,17,2014
KS-502,Wichita/Sedgwick County CoC,,538,321,137,9,467,71,360,241,39,9,289,71,178,80,98,178,0,49,21,28,49,0,91,62,5,67,24,91,62,5,67,24,0,0,0,0,56,,,,48,8,2013
KS-502,Wichita/Sedgwick County CoC,,550,339,119,17,475,75,368,234,45,17,296,72,182,105,74,179,3,55,30,24,54,1,138,93,13,106,32,127,84,13,97,30,11,9,9,2,53,,,,41,12,2012
KS-503,Topeka/Shawnee County CoC,,416,300,85,0,385,31,232,171,30,0,201,31,184,129,55,184,0,52,40,12,52,0,75,61,0,61,14,57,43,0,43,14,18,18,18,0,66,36,30,0,66,0,2014
KS-503,Topeka/Shawnee County CoC,,439,343,73,0,416,23,269,208,42,0,250,19,170,135,31,166,4,45,35,8,43,2,83,76,0,76,7,67,60,0,60,7,16,16,16,0,65,,,,63,2,2013
KS-503,Topeka/Shawnee County CoC,,577,447,80,0,527,50,405,338,22,0,360,45,172,109,58,167,5,43,29,12,41,2,56,44,0,44,12,46,35,0,35,11,10,9,9,1,93,,,,82,11,2012
KS-505,"Overland Park, Shawnee/Johnson County CoC",,167,74,86,0,160,7,24,11,9,0,20,4,143,63,77,140,3,45,20,24,44,1,6,3,0,3,3,2,1,0,1,1,4,2,2,2,1,0,1,0,1,0,2014
KS-505,"Overland Park, Shawnee/Johnson County CoC",,213,93,103,0,196,17,25,15,7,0,22,3,188,78,96,174,14,58,25,29,54,4,4,2,0,2,2,4,2,0,2,2,0,0,0,0,0,,,,0,0,2013
KS-505,"Overland Park, Shawnee/Johnson County CoC",,288,97,123,0,220,68,48,21,4,0,25,23,240,76,119,195,45,61,21,29,50,11,13,12,0,12,1,4,3,0,3,1,9,9,9,0,3,,,,1,2,2012
KS-507,Kansas Balance of State CoC,,1307,635,590,0,1225,82,692,407,208,0,615,77,615,228,382,610,5,204,85,117,202,2,79,41,0,41,38,71,33,0,33,38,8,8,8,0,213,19,184,0,203,10,2014
KS-507,Kansas Balance of State CoC,,1141,537,522,0,1059,82,645,288,280,0,568,77,496,249,242,491,5,182,88,92,180,2,129,91,0,91,38,100,62,0,62,38,29,29,29,0,231,,,,221,10,2013
KS-507,Kansas Balance of State CoC,,1043,414,568,0,982,61,561,262,248,0,510,51,482,152,320,472,10,164,57,103,160,4,115,100,0,100,15,83,70,0,70,13,32,30,30,2,184,,,,172,12,2012
KY-500,Kentucky Balance of State CoC,,2229,1093,466,0,1559,670,1267,696,183,0,879,388,962,397,283,680,282,287,130,90,220,67,300,160,0,160,140,241,137,0,137,104,59,23,23,36,179,104,63,0,167,12,2014
KY-500,Kentucky Balance of State CoC,,2392,1188,604,0,1792,600,1316,683,216,0,899,417,1076,505,388,893,183,349,165,127,292,57,356,144,0,144,212,219,103,0,103,116,137,41,41,96,245,,,,173,72,2013
KY-500,Kentucky Balance of State CoC,,2328,1055,572,0,1627,701,1340,677,135,0,812,528,988,378,437,815,173,320,134,135,269,51,233,105,0,105,128,148,76,0,76,72,85,29,29,56,170,,,,127,43,2012
KY-501,Louisville-Jefferson County CoC,,1316,723,512,11,1246,70,978,569,328,11,908,70,338,154,184,338,0,118,52,66,118,0,208,149,3,152,56,187,128,3,131,56,21,21,21,0,218,73,136,0,209,9,2014
KY-501,Louisville-Jefferson County CoC,,1445,769,603,10,1382,63,950,563,314,10,887,63,495,206,289,495,0,168,64,104,168,0,145,114,2,116,29,139,108,2,110,29,6,6,6,0,171,,,,167,4,2013
KY-501,Louisville-Jefferson County CoC,,1532,676,694,10,1380,152,1034,507,374,10,891,143,498,169,320,489,9,163,54,107,161,2,187,127,1,128,59,166,106,1,107,59,21,21,21,0,223,,,,198,25,2012
KY-502,Lexington-Fayette County CoC,,1544,566,887,0,1453,91,1107,496,522,0,1018,89,437,70,365,435,2,159,20,138,158,1,219,187,0,187,32,186,156,0,156,30,33,31,31,2,203,78,104,0,182,21,2014
KY-502,Lexington-Fayette County CoC,,1408,482,835,0,1317,91,1036,415,532,0,947,89,372,67,303,370,2,155,26,128,154,1,40,8,0,8,32,36,6,0,6,30,4,2,2,2,191,,,,170,21,2013
KY-502,Lexington-Fayette County CoC,,1370,401,911,0,1312,58,908,371,481,0,852,56,462,30,430,460,2,184,15,168,183,1,209,190,0,190,19,183,164,0,164,19,26,26,26,0,47,,,,44,3,2012
LA-500,Lafayette/Acadiana CoC,,471,184,257,0,441,30,290,137,123,0,260,30,181,47,134,181,0,57,14,43,57,0,43,35,0,35,8,43,35,0,35,8,0,0,0,0,46,21,19,0,40,6,2014
LA-500,Lafayette/Acadiana CoC,,542,165,268,0,433,109,358,120,129,0,249,109,184,45,139,184,0,58,14,44,58,0,83,31,0,31,52,71,31,0,31,40,12,0,0,12,62,,,,47,15,2013
LA-500,Lafayette/Acadiana CoC,,518,194,245,0,439,79,325,120,126,0,246,79,193,74,119,193,0,63,26,37,63,0,76,39,0,39,37,64,29,0,29,35,12,10,10,2,61,,,,49,12,2012
LA-502,"Shreveport, Bossier/Northwest Louisiana CoC",,655,168,357,4,529,126,373,125,118,4,247,126,282,43,239,282,0,84,14,70,84,0,128,56,0,56,72,119,47,0,47,72,9,9,9,0,68,16,38,0,54,14,2014
LA-502,"Shreveport, Bossier/Northwest Louisiana CoC",,692,223,281,9,513,179,399,156,85,9,250,149,293,67,196,263,30,94,21,66,87,7,155,48,0,48,107,153,46,0,46,107,2,2,2,0,97,,,,74,23,2013
LA-502,"Shreveport, Bossier/Northwest Louisiana CoC",,804,169,448,9,626,178,477,131,159,9,299,178,327,38,289,327,0,102,12,90,102,0,123,37,0,37,86,122,36,0,36,86,1,1,1,0,129,,,,92,37,2012
LA-503,New Orleans/Jefferson Parish CoC,,1981,593,555,15,1163,818,1695,536,326,15,877,818,286,57,229,286,0,91,19,72,91,0,472,77,0,77,395,465,70,0,70,395,7,7,7,0,193,38,85,3,126,67,2014
LA-503,New Orleans/Jefferson Parish CoC,,2337,578,705,15,1298,1039,1848,506,315,15,836,1012,489,72,390,462,27,152,24,117,141,11,677,88,2,90,587,649,86,2,88,561,28,2,2,26,211,,,,119,92,2013
LA-503,New Orleans/Jefferson Parish CoC,,4903,601,848,15,1464,3439,4325,532,384,15,931,3394,578,69,464,533,45,191,23,150,173,18,2422,137,10,147,2275,2368,106,10,116,2252,54,31,31,23,570,,,,188,382,2012
LA-505,Monroe/Northeast Louisiana CoC,,220,63,116,3,182,38,102,40,34,3,77,25,118,23,82,105,13,45,8,32,40,5,26,17,3,20,6,15,6,3,9,6,11,11,11,0,18,5,7,0,12,6,2014
LA-505,Monroe/Northeast Louisiana CoC,,200,49,114,9,172,28,88,27,24,9,60,28,112,22,90,112,0,40,9,31,40,0,23,3,7,10,13,23,3,7,10,13,0,0,0,0,6,,,,2,4,2013
LA-505,Monroe/Northeast Louisiana CoC,,257,73,117,8,198,59,119,44,14,8,66,53,138,29,103,132,6,48,11,35,46,2,64,29,6,35,29,58,25,6,31,27,6,4,4,2,16,,,,7,9,2012
LA-506,Slidell/Southeast Louisiana CoC,,262,84,135,0,219,43,164,67,64,0,131,33,98,17,71,88,10,30,6,21,27,3,33,20,0,20,13,30,20,0,20,10,3,0,0,3,43,5,36,0,41,2,2014
LA-506,Slidell/Southeast Louisiana CoC,,276,86,155,0,241,35,151,60,62,0,122,29,125,26,93,119,6,35,8,25,33,2,31,25,0,25,6,31,25,0,25,6,0,0,0,0,49,,,,47,2,2013
LA-506,Slidell/Southeast Louisiana CoC,,276,85,152,0,237,39,153,61,63,0,124,29,123,24,89,113,10,35,8,25,33,2,22,19,0,19,3,22,19,0,19,3,0,0,0,0,46,,,,43,3,2012
LA-507,Alexandria/Central Louisiana CoC,,141,55,73,0,128,13,111,55,43,0,98,13,30,0,30,30,0,9,0,9,9,0,28,19,0,19,9,28,19,0,19,9,0,0,0,0,5,1,1,0,2,3,2014
LA-507,Alexandria/Central Louisiana CoC,,118,38,49,0,87,31,92,38,25,0,63,29,26,0,24,24,2,7,0,6,6,1,9,3,0,3,6,7,3,0,3,4,2,0,0,2,24,,,,22,2,2013
LA-507,Alexandria/Central Louisiana CoC,,188,52,121,0,173,15,156,46,95,0,141,15,32,6,26,32,0,9,2,7,9,0,12,4,0,4,8,12,4,0,4,8,0,0,0,0,33,,,,31,2,2012
LA-509,Louisiana Balance of State CoC,,876,304,537,0,841,35,709,181,493,0,674,35,167,123,44,167,0,60,48,12,60,0,46,35,0,35,11,43,32,0,32,11,3,3,3,0,64,20,37,0,57,7,2014
LA-509,Louisiana Balance of State CoC,,1061,250,656,1,907,154,972,191,629,1,821,151,89,59,27,86,3,29,20,8,28,1,137,38,0,38,99,81,24,0,24,57,56,14,14,42,126,,,,72,54,2013
LA-509,Louisiana Balance of State CoC,,826,201,466,3,670,156,767,198,430,3,631,136,59,3,36,39,20,26,1,16,17,9,174,70,1,71,103,97,44,1,45,52,77,26,26,51,44,,,,40,4,2012
MA-500,Boston CoC,,5987,4675,1108,24,5807,180,2609,1527,878,24,2429,180,3378,3148,230,3378,0,1152,1060,92,1152,0,815,746,24,770,45,568,499,24,523,45,247,247,247,0,450,92,325,19,436,14,2014
MA-500,Boston CoC,,5881,4334,1338,16,5688,193,2541,1377,955,16,2348,193,3340,2957,383,3340,0,1164,992,172,1164,0,543,491,3,494,49,465,413,3,416,49,78,78,78,0,458,,,,446,12,2013
MA-500,Boston CoC,,5607,4142,1278,6,5426,181,2430,1307,936,6,2249,181,3177,2835,342,3177,0,1037,923,114,1037,0,670,581,6,587,83,480,391,6,397,83,190,190,190,0,355,,,,335,20,2012
MA-502,Lynn CoC,,382,320,52,0,372,10,122,70,42,0,112,10,260,250,10,260,0,77,74,3,77,0,6,2,0,2,4,6,2,0,2,4,0,0,0,0,11,10,0,0,10,1,2014
MA-502,Lynn CoC,,468,329,124,0,453,15,99,54,35,0,89,10,369,275,89,364,5,127,88,38,126,1,53,43,0,43,10,53,43,0,43,10,0,0,0,0,13,,,,11,2,2013
MA-502,Lynn CoC,,414,346,54,0,400,14,106,49,43,0,92,14,308,297,11,308,0,123,120,3,123,0,186,175,0,175,11,87,76,0,76,11,99,99,99,0,4,,,,3,1,2012
MA-503,Cape Cod Islands CoC,,381,246,49,0,295,86,223,97,49,0,146,77,158,149,0,149,9,63,60,0,60,3,108,72,0,72,36,79,43,0,43,36,29,29,29,0,17,6,9,0,15,2,2014
MA-503,Cape Cod Islands CoC,,514,242,79,0,321,193,357,92,79,0,171,186,157,150,0,150,7,62,59,0,59,3,149,58,0,58,91,135,44,0,44,91,14,14,14,0,24,,,,15,9,2013
MA-503,Cape Cod Islands CoC,,364,221,95,0,316,48,221,83,95,0,178,43,143,138,0,138,5,57,55,0,55,2,68,39,0,39,29,64,35,0,35,29,4,4,4,0,29,,,,20,9,2012
MA-504,Springfield/Hampden County CoC,,2690,2424,224,7,2655,35,438,283,113,7,403,35,2252,2141,111,2252,0,702,660,42,702,0,520,496,6,502,18,83,59,6,65,18,437,437,437,0,42,23,17,1,41,1,2014
MA-504,Springfield/Hampden County CoC,,2117,1838,227,7,2072,45,395,229,114,7,350,45,1722,1609,113,1722,0,560,517,43,560,0,332,297,7,304,28,95,60,7,67,28,237,237,237,0,33,,,,32,1,2013
MA-504,Springfield/Hampden County CoC,,2444,2071,326,12,2409,35,382,223,112,12,347,35,2062,1848,214,2062,0,693,612,81,693,0,155,130,5,135,20,106,81,5,86,20,49,49,49,0,34,,,,33,1,2012
MA-505,New Bedford CoC,,349,120,213,0,333,16,231,34,181,0,215,16,118,86,32,118,0,40,26,14,40,0,11,2,0,2,9,11,2,0,2,9,0,0,0,0,52,3,48,0,51,1,2014
MA-505,New Bedford CoC,,337,105,213,0,318,19,230,49,165,0,214,16,107,56,48,104,3,48,28,19,47,1,32,25,0,25,7,32,25,0,25,7,0,0,0,0,51,,,,50,1,2013
MA-505,New Bedford CoC,,374,104,250,0,354,20,258,30,208,0,238,20,116,74,42,116,0,43,24,19,43,0,20,10,0,10,10,18,8,0,8,10,2,2,2,0,54,,,,53,1,2012
MA-506,Worcester City & County CoC,,1796,1358,376,13,1747,49,468,198,211,13,422,46,1328,1160,165,1325,3,395,338,56,394,1,62,37,6,43,19,53,28,6,34,19,9,9,9,0,143,26,115,1,142,1,2014
MA-506,Worcester City & County CoC,,1657,1043,546,13,1602,55,586,204,324,13,541,45,1071,839,222,1061,10,323,237,82,319,4,69,48,0,48,21,58,37,0,37,21,11,11,11,0,184,,,,175,9,2013
MA-506,Worcester City & County CoC,,1572,968,518,13,1499,73,551,183,285,13,481,70,1021,785,233,1018,3,333,245,87,332,1,35,35,0,35,0,23,23,0,23,0,12,12,12,0,123,,,,119,4,2012
MA-507,"Pittsfield/Berkshire, Franklin, Hampshire Counties CoC",,753,386,338,0,724,29,506,170,307,0,477,29,247,216,31,247,0,84,69,15,84,0,153,136,0,136,17,112,95,0,95,17,41,41,41,0,256,22,234,0,256,0,2014
MA-507,"Pittsfield/Berkshire, Franklin, Hampshire Counties CoC",,678,280,358,0,638,40,493,137,319,0,456,37,185,143,39,182,3,71,55,15,70,1,117,85,0,85,32,93,64,0,64,29,24,21,21,3,244,,,,244,0,2013
MA-507,"Pittsfield/Berkshire, Franklin, Hampshire Counties CoC",,717,305,353,0,658,59,484,109,316,0,425,59,233,196,37,233,0,88,70,18,88,0,155,125,0,125,30,66,36,0,36,30,89,89,89,0,247,,,,244,3,2012
MA-508,Lowell CoC,,588,434,119,0,553,35,216,146,35,0,181,35,372,288,84,372,0,117,90,27,117,0,83,71,0,71,12,45,33,0,33,12,38,38,38,0,47,10,35,0,45,2,2014
MA-508,Lowell CoC,,559,428,106,0,534,25,218,154,39,0,193,25,341,274,67,341,0,117,89,28,117,0,67,47,0,47,20,34,14,0,14,20,33,33,33,0,48,,,,48,0,2013
MA-508,Lowell CoC,,534,400,106,0,506,28,189,132,29,0,161,28,345,268,77,345,0,117,89,28,117,0,77,68,0,68,9,53,44,0,44,9,24,24,24,0,30,,,,30,0,2012
MA-509,Cambridge CoC,,551,297,207,0,504,47,370,223,100,0,323,47,181,74,107,181,0,65,30,35,65,0,140,109,0,109,31,121,90,0,90,31,19,19,19,0,20,14,3,0,17,3,2014
MA-509,Cambridge CoC,,535,264,202,0,466,69,366,205,92,0,297,69,169,59,110,169,0,59,24,35,59,0,174,120,0,120,54,167,113,0,113,54,7,7,7,0,21,,,,16,5,2013
MA-509,Cambridge CoC,,485,260,153,0,413,72,357,192,93,0,285,72,128,68,60,128,0,46,25,21,46,0,191,132,0,132,59,191,132,0,132,59,0,0,0,0,62,,,,55,7,2012
MA-510,"Gloucester, Haverhill, Salem/Essex County CoC",,1487,1290,112,11,1413,74,309,185,39,11,235,74,1178,1105,73,1178,0,394,362,32,394,0,194,165,6,171,23,162,133,6,139,23,32,32,32,0,34,8,25,1,34,0,2014
MA-510,"Gloucester, Haverhill, Salem/Essex County CoC",,1286,1120,119,11,1250,36,250,165,38,11,214,36,1036,955,81,1036,0,362,329,33,362,0,146,119,8,127,19,113,86,8,94,19,33,33,33,0,15,,,,13,2,2013
MA-510,"Gloucester, Haverhill, Salem/Essex County CoC",,993,839,106,10,955,38,266,179,39,10,228,38,727,660,67,727,0,295,266,29,295,0,145,105,10,115,30,131,91,10,101,30,14,14,14,0,70,,,,68,2,2012
MA-511,"Quincy, Brockton, Weymouth, Plymouth City and County CoC",,1643,1508,95,0,1603,40,404,315,49,0,364,40,1239,1193,46,1239,0,455,436,19,455,0,167,149,0,149,18,100,82,0,82,18,67,67,67,0,82,33,49,0,82,0,2014
MA-511,"Quincy, Brockton, Weymouth, Plymouth City and County CoC",,1690,1528,113,0,1641,49,458,352,57,0,409,49,1232,1176,56,1232,0,413,393,20,413,0,171,153,0,153,18,134,116,0,116,18,37,37,37,0,94,,,,94,0,2013
MA-511,"Quincy, Brockton, Weymouth, Plymouth City and County CoC",,1424,1267,97,0,1364,60,407,296,51,0,347,60,1017,971,46,1017,0,346,329,17,346,0,134,113,0,113,21,111,90,0,90,21,23,23,23,0,92,,,,90,2,2012
MA-515,Fall River CoC,,354,159,117,0,276,78,213,71,64,0,135,78,141,88,53,141,0,48,30,18,48,0,66,56,0,56,10,58,48,0,48,10,8,8,8,0,9,5,0,0,5,4,2014
MA-515,Fall River CoC,,235,122,98,0,220,15,113,50,52,0,102,11,122,72,46,118,4,41,22,18,40,1,37,33,0,33,4,35,31,0,31,4,2,2,2,0,2,,,,2,0,2013
MA-515,Fall River CoC,,307,161,124,0,285,22,121,47,52,0,99,22,186,114,72,186,0,57,33,24,57,0,25,19,0,19,6,25,19,0,19,6,0,0,0,0,5,,,,2,3,2012
MA-516,Massachusetts Balance of State CoC,,3900,3373,453,12,3838,62,530,362,94,12,468,62,3370,3011,359,3370,0,1115,991,124,1115,0,943,878,12,890,53,154,89,12,101,53,789,789,789,0,83,57,25,0,82,1,2014
MA-516,Massachusetts Balance of State CoC,,2652,2070,513,12,2595,57,424,222,133,12,367,57,2228,1848,380,2228,0,904,769,135,904,0,179,143,0,143,36,119,83,0,83,36,60,60,60,0,63,,,,56,7,2013
MA-516,Massachusetts Balance of State CoC,,1872,1318,505,12,1835,37,354,202,105,12,319,35,1518,1116,400,1516,2,572,419,152,571,1,146,133,0,133,13,97,84,0,84,13,49,49,49,0,66,,,,64,2,2012
MA-517,Somerville CoC,,154,94,56,0,150,4,97,51,42,0,93,4,57,43,14,57,0,22,17,5,22,0,28,24,0,24,4,25,21,0,21,4,3,3,3,0,15,1,14,0,15,0,2014
MA-517,Somerville CoC,,169,99,61,0,160,9,95,51,35,0,86,9,74,48,26,74,0,26,18,8,26,0,36,34,0,34,2,34,32,0,32,2,2,2,2,0,1,,,,1,0,2013
MA-517,Somerville CoC,,145,102,34,0,136,9,90,59,22,0,81,9,55,43,12,55,0,24,21,3,24,0,41,37,0,37,4,41,37,0,37,4,0,0,0,0,9,,,,9,0,2012
MA-519,"Attleboro, Taunton/Bristol County CoC",,222,151,57,0,208,14,52,25,13,0,38,14,170,126,44,170,0,52,32,20,52,0,15,9,0,9,6,13,7,0,7,6,2,2,2,0,3,1,2,0,3,0,2014
MA-519,"Attleboro, Taunton/Bristol County CoC",,251,160,61,0,221,30,69,21,25,0,46,23,182,139,36,175,7,50,33,15,48,2,10,1,0,1,9,10,1,0,1,9,0,0,0,0,2,,,,1,1,2013
MA-519,"Attleboro, Taunton/Bristol County CoC",,249,148,75,0,223,26,73,28,19,0,47,26,176,120,56,176,0,56,36,20,56,0,7,0,0,0,7,7,0,0,0,7,0,0,0,0,1,,,,1,0,2012
MD-500,Cumberland/Allegany County CoC,,120,65,40,0,105,15,48,34,3,0,37,11,72,31,37,68,4,23,9,13,22,1,19,15,0,15,4,5,5,0,5,0,14,10,10,4,11,9,1,0,10,1,2014
MD-500,Cumberland/Allegany County CoC,,76,20,44,0,64,12,34,16,6,0,22,12,42,4,38,42,0,14,2,12,14,0,8,2,0,2,6,4,1,0,1,3,4,1,1,3,4,,,,4,0,2013
MD-500,Cumberland/Allegany County CoC,,110,51,45,0,96,14,89,34,41,0,75,14,21,17,4,21,0,8,6,2,8,0,22,8,0,8,14,11,4,0,4,7,11,4,4,7,6,,,,6,0,2012
MD-501,Baltimore CoC,,2567,956,1279,37,2272,295,1977,788,897,37,1722,255,590,168,382,550,40,206,56,136,192,14,491,374,28,402,89,475,371,28,399,76,16,3,3,13,305,85,199,0,284,21,2014
MD-501,Baltimore CoC,,2638,1061,1242,40,2343,295,1988,820,873,40,1733,255,650,241,369,610,40,215,76,125,201,14,226,110,27,137,89,211,108,27,135,76,15,2,2,13,293,,,,272,21,2013
MD-501,Baltimore CoC,,3854,867,1154,38,2059,1795,2926,711,795,38,1544,1382,928,156,359,515,413,320,51,112,163,157,308,0,0,0,308,308,0,0,0,308,0,0,0,0,274,,,,248,26,2012
MD-502,Harford County CoC,,223,141,76,0,217,6,80,55,19,0,74,6,143,86,57,143,0,46,27,19,46,0,82,79,0,79,3,39,36,0,36,3,43,43,43,0,8,2,5,0,7,1,2014
MD-502,Harford County CoC,,166,95,63,0,158,8,66,37,21,0,58,8,100,58,42,100,0,35,18,17,35,0,38,30,0,30,8,38,30,0,30,8,0,0,0,0,5,,,,5,0,2013
MD-502,Harford County CoC,,189,111,66,0,177,12,78,45,21,0,66,12,111,66,45,111,0,36,18,18,36,0,30,25,0,25,5,23,18,0,18,5,7,7,7,0,10,,,,5,5,2012
MD-503,Annapolis/Anne Arundel County CoC,,384,251,82,0,333,51,225,159,15,0,174,51,159,92,67,159,0,50,28,22,50,0,73,42,0,42,31,69,38,0,38,31,4,4,4,0,18,11,7,0,18,0,2014
MD-503,Annapolis/Anne Arundel County CoC,,400,254,61,0,315,85,258,168,13,0,181,77,142,86,48,134,8,41,25,14,39,2,63,41,0,41,22,48,26,0,26,22,15,15,15,0,27,,,,18,9,2013
MD-503,Annapolis/Anne Arundel County CoC,,373,221,90,0,311,62,213,138,13,0,151,62,160,83,77,160,0,48,28,20,48,0,41,31,0,31,10,41,31,0,31,10,0,0,0,0,25,,,,25,0,2012
MD-504,Howard County CoC,,170,114,34,0,148,22,98,73,3,0,76,22,72,41,31,72,0,25,14,11,25,0,42,33,0,33,9,42,33,0,33,9,0,0,0,0,8,5,1,0,6,2,2014
MD-504,Howard County CoC,,194,93,46,0,139,55,93,40,2,0,42,51,101,53,44,97,4,31,16,14,30,1,39,9,0,9,30,39,9,0,9,30,0,0,0,0,9,,,,5,4,2013
